"text","favorited","favoriteCount","replyToSN","created","truncated","replyToSID","id","replyToUID","statusSource","screenName","retweetCount","isRetweet","retweeted","longitude","latitude"
"RT @wirereporter: ""Never have I seen the almost total disconnection we've seen here (...) between what the science requires and the people…",FALSE,0,NA,2019-12-15 08:02:59,FALSE,NA,"1206122466134962176",NA,"<a href=""http://twitter.com/download/iphone"" rel=""nofollow"">Twitter for iPhone</a>","duse70",1378,TRUE,FALSE,NA,NA
"RT @TrenchantTroll: Dear people of Earth:

1. The climate changes and has every day for 4.5 billion years.
2. Despite our hubris, mankind h…",FALSE,0,NA,2019-12-15 08:02:58,FALSE,NA,"1206122461575692288",NA,"<a href=""http://twitter.com/#!/download/ipad"" rel=""nofollow"">Twitter for iPad</a>","Loofah57060",3,TRUE,FALSE,NA,NA
"RT @EdwardJDavey: Whilst Labour squabbles, the Lib Dems will hold Johnson to account 

We will continue to ensure the voice of remainers is…",FALSE,0,NA,2019-12-15 08:02:58,FALSE,NA,"1206122461244338176",NA,"<a href=""http://twitter.com/download/iphone"" rel=""nofollow"">Twitter for iPhone</a>","Challengeitnow",184,TRUE,FALSE,NA,NA
"RT @readfearn: Exclusive from me - Australia's bushfires have emitted 250m tonnes of CO2, almost half of country's annual emissions #climat…",FALSE,0,NA,2019-12-15 08:02:57,FALSE,NA,"1206122459746820096",NA,"<a href=""https://mobile.twitter.com"" rel=""nofollow"">Twitter Web App</a>","jimmymalecki",518,TRUE,FALSE,NA,NA
"@mrjamesmack Splitting the Department for Energy and Climate Change? DECC doesn't exist anymore?",FALSE,0,"mrjamesmack",2019-12-15 08:02:57,FALSE,"1205987253950046208","1206122458631344128","59741138","<a href=""http://twitter.com/download/android"" rel=""nofollow"">Twitter for Android</a>","c_addison",0,FALSE,FALSE,NA,NA
"RT @drwaheeduddin: Law and order must be upheld and Green activists supported by UN socialist bureaucrats must not be allowed to disrupt th…",FALSE,0,NA,2019-12-15 08:02:57,FALSE,NA,"1206122458559827969",NA,"<a href=""http://twitter.com/download/iphone"" rel=""nofollow"">Twitter for iPhone</a>","sportsandpolit4",38,TRUE,FALSE,NA,NA
"RT @business: Scientists misunderstood how badly the rest of the world misunderstood the climate problem (via @bopinion) https://t.co/Qc5to…",FALSE,0,NA,2019-12-15 08:02:57,FALSE,NA,"1206122458358538242",NA,"<a href=""http://twitter.com/download/iphone"" rel=""nofollow"">Twitter for iPhone</a>","GutznGlory",128,TRUE,FALSE,NA,NA
"RT @EcoInternetDrGB: Climate change: UN talks in Madrid hit rough #waters: Science &amp; Environment - BBC News https://t.co/73Gpe3SOon

MORE w…",FALSE,0,NA,2019-12-15 08:02:56,FALSE,NA,"1206122454554427393",NA,"<a href=""http://twitter.com/download/android"" rel=""nofollow"">Twitter for Android</a>","Ss51202463",1,TRUE,FALSE,NA,NA
"Warmists claim: ‘The US Is Once Again The Villain At The UN Climate Summit’ – Claim USA is trying ‘to ensure it wil… https://t.co/PYSZ7atlyV",FALSE,0,NA,2019-12-15 08:02:55,TRUE,NA,"1206122451408769025",NA,"<a href=""http://twitter.com"" rel=""nofollow"">Twitter Web Client</a>","fl85",0,FALSE,FALSE,NA,NA
"RT @narakxm: @PeteButtigieg, you CANNOT belittle me.

“Rethink my strategy”? How about you RETHINK YOUR CLIMATE PLAN.

WE DESERVE BETTER.",FALSE,0,NA,2019-12-15 08:02:55,FALSE,NA,"1206122450968145921",NA,"<a href=""https://mobile.twitter.com"" rel=""nofollow"">Twitter Web App</a>","LisaNaArtStudio",14,TRUE,FALSE,NA,NA
"RT @jxckieherrx: We need to protect the earth more ): fuck climate change <U+0001F614> https://t.co/mH47OKbVs1",FALSE,0,NA,2019-12-15 08:02:54,FALSE,NA,"1206122447675768833",NA,"<a href=""http://twitter.com/download/iphone"" rel=""nofollow"">Twitter for iPhone</a>","uvaa_aleejandra",239,TRUE,FALSE,NA,NA
"RT @Reuters: ICYMI: Alaskan glaciers are melting at record or near-record levels as 2019 is likely to be the state’s hottest year on record…",FALSE,0,NA,2019-12-15 08:02:54,FALSE,NA,"1206122445247115264",NA,"<a href=""http://twitter.com/download/iphone"" rel=""nofollow"">Twitter for iPhone</a>","hamdanadnan8",18,TRUE,FALSE,NA,NA
"RT @DanaPerino: Whar really bothers me about celebrities trying to get arrested at climate change protests is that they make it look fun &amp;…",FALSE,0,NA,2019-12-15 08:02:53,FALSE,NA,"1206122443133378560",NA,"<a href=""http://twitter.com/#!/download/ipad"" rel=""nofollow"">Twitter for iPad</a>","pursegirl47",1088,TRUE,FALSE,NA,NA
"RT @ClimateBen: Crop and livestock production may have to be abandoned in parts of Europe’s southern &amp; Mediterranean regions:

'yields of n…",FALSE,0,NA,2019-12-15 08:02:53,FALSE,NA,"1206122442021838848",NA,"<a href=""https://mobile.twitter.com"" rel=""nofollow"">Twitter Web App</a>","e_rawlins",9,TRUE,FALSE,NA,NA
"RT @LilNasX: when i said “i got the horses in the back” it was in reference to reversing the ongoing climate change, water pollution, and c…",FALSE,0,NA,2019-12-15 08:02:53,FALSE,NA,"1206122440100696065",NA,"<a href=""https://mobile.twitter.com"" rel=""nofollow"">Twitter Web App</a>","sireturd",127436,TRUE,FALSE,NA,NA
"RT @itsmeejbee: He takes advice from hundreds of renowned climate scientists unlike you who take advice from Richard the doomsday flog http…",FALSE,0,NA,2019-12-15 08:02:51,FALSE,NA,"1206122434312589312",NA,"<a href=""http://twitter.com/download/iphone"" rel=""nofollow"">Twitter for iPhone</a>","Johnwr69",3,TRUE,FALSE,NA,NA
"RT @stevel3000: @JamesFallows @jonfavs @jayrosen_nyu “Climate scientists, Gohmert diverge on global warming.”",FALSE,0,NA,2019-12-15 08:02:51,FALSE,NA,"1206122433133965313",NA,"<a href=""https://mobile.twitter.com"" rel=""nofollow"">Twitter Web App</a>","PimpsParadise",1,TRUE,FALSE,NA,NA
"RT @jeremycorbyn: I am proud that on austerity, corporate power, inequality and the climate emergency we have won the arguments and rewritt…",FALSE,0,NA,2019-12-15 08:02:50,FALSE,NA,"1206122430147809280",NA,"<a href=""http://twitter.com/download/iphone"" rel=""nofollow"">Twitter for iPhone</a>","Maximilien1917",3773,TRUE,FALSE,NA,NA
"RT @MikeHudema: Germany built the world's first hydrogen-powered train. It emits nothing but water and steam! 

We have solutions to the #c…",FALSE,0,NA,2019-12-15 08:02:50,FALSE,NA,"1206122429489328128",NA,"<a href=""http://twitter.com/download/iphone"" rel=""nofollow"">Twitter for iPhone</a>","JohannShiel",501,TRUE,FALSE,NA,NA
"RT @robbystarbuck: This is what climate protestors in the Netherlands are doing. I’m convinced these people were drama kids in school but s…",FALSE,0,NA,2019-12-15 08:02:50,FALSE,NA,"1206122429321535490",NA,"<a href=""http://twitter.com/download/android"" rel=""nofollow"">Twitter for Android</a>","ArcticRational",815,TRUE,FALSE,NA,NA
"RT @jeremycorbyn: I am proud that on austerity, corporate power, inequality and the climate emergency we have won the arguments and rewritt…",FALSE,0,NA,2019-12-15 08:02:49,FALSE,NA,"1206122426775396353",NA,"<a href=""https://mobile.twitter.com"" rel=""nofollow"">Twitter Web App</a>","vineethjose",3773,TRUE,FALSE,NA,NA
"RT @RepMaxineWaters: Melania, we agree. Children are off limits. Tell your husband to #bebest and go enroll himself in anger management ins…",FALSE,0,NA,2019-12-15 08:02:48,FALSE,NA,"1206122421020835840",NA,"<a href=""http://twitter.com/#!/download/ipad"" rel=""nofollow"">Twitter for iPad</a>","scubett1",34073,TRUE,FALSE,NA,NA
"RT @jeremycorbyn: I am proud that on austerity, corporate power, inequality and the climate emergency we have won the arguments and rewritt…",FALSE,0,NA,2019-12-15 08:02:46,FALSE,NA,"1206122414486237185",NA,"<a href=""http://twitter.com/download/android"" rel=""nofollow"">Twitter for Android</a>","patriciamunabi",3773,TRUE,FALSE,NA,NA
"RT @dwnews: Inspired by Greta Thunberg, 16-year-old Howey Ou launched a #FridaysforFuture protest in China, becoming the country's first cl…",FALSE,0,NA,2019-12-15 08:02:46,FALSE,NA,"1206122410879012865",NA,"<a href=""http://twitter.com/download/android"" rel=""nofollow"">Twitter for Android</a>","mypetsgarden4",66,TRUE,FALSE,NA,NA
"RT @AOC: By pulling out of the Paris Agreement, Trump gave up his seat at the table for global climate negotiations a long time ago.

He’s…",FALSE,0,NA,2019-12-15 08:02:44,FALSE,NA,"1206122406173192192",NA,"<a href=""http://twitter.com/download/iphone"" rel=""nofollow"">Twitter for iPhone</a>","DeaneBanning",4921,TRUE,FALSE,NA,NA
"RT @romyreiner: It’s weird that Americans can’t agree on the fact that climate change is a scientific, real thing. It’s weird Americans can…",FALSE,0,NA,2019-12-15 08:02:44,FALSE,NA,"1206122403518177280",NA,"<a href=""http://twitter.com/download/android"" rel=""nofollow"">Twitter for Android</a>","TiffanyNLeonard",43,TRUE,FALSE,NA,NA
"RT @AJEnglish: In Niger, the equivalent of more than 110,000 football fields of grassland disappear every year. 

Now, the Fulani nomads fe…",FALSE,0,NA,2019-12-15 08:02:43,FALSE,NA,"1206122399508422662",NA,"<a href=""https://mobile.twitter.com"" rel=""nofollow"">Twitter Web App</a>","pigreen1",138,TRUE,FALSE,NA,NA
"RT @ABC: Former Pres. Barack Obama says the Paris Agreement on climate change may fall short of expectations but is still the way forward t…",FALSE,0,NA,2019-12-15 08:02:42,FALSE,NA,"1206122394810642432",NA,"<a href=""http://twitter.com/download/iphone"" rel=""nofollow"">Twitter for iPhone</a>","ImpactDemocracy",44,TRUE,FALSE,NA,NA
"RT @joshuawongcf: [Climate change &amp; HK - China is reacting similarly to both]

1/ @GretaThunberg was named #TIMEPOY by the @TIME. She's a S…",FALSE,0,NA,2019-12-15 08:02:41,FALSE,NA,"1206122390314307586",NA,"<a href=""http://twitter.com/download/iphone"" rel=""nofollow"">Twitter for iPhone</a>","wangoi12345",79,TRUE,FALSE,NA,NA
"Wealthy nations just dont care

'If the climate stays like this, we won't make it' say those on the frontline of Af… https://t.co/Sp44HyZYwR",FALSE,0,NA,2019-12-15 08:02:40,TRUE,NA,"1206122387470721024",NA,"<a href=""http://twitter.com/download/android"" rel=""nofollow"">Twitter for Android</a>","Ernie38526651",0,FALSE,FALSE,NA,NA
"RT @Reuters: ICYMI: Alaskan glaciers are melting at record or near-record levels as 2019 is likely to be the state’s hottest year on record…",FALSE,0,NA,2019-12-15 08:02:40,FALSE,NA,"1206122386560602112",NA,"<a href=""http://twitter.com/download/android"" rel=""nofollow"">Twitter for Android</a>","bigcanadiano",18,TRUE,FALSE,NA,NA
"RT @Reuters: ICYMI: Alaskan glaciers are melting at record or near-record levels as 2019 is likely to be the state’s hottest year on record…",FALSE,0,NA,2019-12-15 08:02:39,FALSE,NA,"1206122382999425025",NA,"<a href=""http://twitter.com/download/iphone"" rel=""nofollow"">Twitter for iPhone</a>","xtianmcintire02",18,TRUE,FALSE,NA,NA
"RT @MikeHudema: Germany built the world's first hydrogen-powered train. It emits nothing but water and steam! 

We have solutions to the #c…",FALSE,0,NA,2019-12-15 08:02:38,FALSE,NA,"1206122380126511105",NA,"<a href=""http://twitter.com/download/iphone"" rel=""nofollow"">Twitter for iPhone</a>","likeitsays",501,TRUE,FALSE,NA,NA
"@StandUp4Brexit @objectsmith Who is that woman?  At last somebody who understands the biggest problem affecting thi… https://t.co/xmKLPQHEfw",FALSE,0,"StandUp4Brexit",2019-12-15 08:02:38,TRUE,"1205782867525210112","1206122379509940225","1022452334872457216","<a href=""http://twitter.com/download/android"" rel=""nofollow"">Twitter for Android</a>","BrianTu19056721",0,FALSE,FALSE,NA,NA
"RT @freedy50: @theprojecttv Started off alright, but then ended up jumping on the climate change bandwagon. <U+0001F644>",FALSE,0,NA,2019-12-15 08:02:38,FALSE,NA,"1206122379497230338",NA,"<a href=""http://twitter.com/download/iphone"" rel=""nofollow"">Twitter for iPhone</a>","auselection2016",1,TRUE,FALSE,NA,NA
"RT @NatKeohane: As #COP25 winds down, this great piece by @renaereints, on the promise of carbon markets to drive more ambitious climate ac…",FALSE,0,NA,2019-12-15 08:02:38,FALSE,NA,"1206122379463798785",NA,"<a href=""http://twitter.com/download/iphone"" rel=""nofollow"">Twitter for iPhone</a>","UNDP_REDDPlus",2,TRUE,FALSE,NA,NA
"RT @ericsteig: I'm getting very tired of answering this question.

No, it's not the sun.

https://t.co/n1Wa9kXcaS https://t.co/wDfY8ZaV4C",FALSE,0,NA,2019-12-15 08:02:38,FALSE,NA,"1206122378272628737",NA,"<a href=""http://twitter.com/download/android"" rel=""nofollow"">Twitter for Android</a>","armadajosh",758,TRUE,FALSE,NA,NA
"@butt_facts If they are straight up deniers I don’t think they can be reasonable. Where our reasonable climate change “doubters” at?",FALSE,0,"butt_facts",2019-12-15 08:02:38,FALSE,"1206110205081047040","1206122377764933632","1066813303794499584","<a href=""http://twitter.com/download/iphone"" rel=""nofollow"">Twitter for iPhone</a>","JKL08961228",0,FALSE,FALSE,NA,NA
"RT @TheBabylonBee: Poll Finds Most People Would Rather Be Annihilated By Giant Tidal Wave Than Continue To Be Lectured By Climate Change Ac…",FALSE,0,NA,2019-12-15 08:02:36,FALSE,NA,"1206122372333486080",NA,"<a href=""http://twitter.com/download/android"" rel=""nofollow"">Twitter for Android</a>","Tanner24Mac",1601,TRUE,FALSE,NA,NA
"RT @fearnothing23: The bad seed back Greta Thunberg appears to threaten world leaders who don't abide by her climate change agenda - TheBla…",FALSE,0,NA,2019-12-15 08:02:36,FALSE,NA,"1206122369699463168",NA,"<a href=""http://twitter.com/#!/download/ipad"" rel=""nofollow"">Twitter for iPad</a>","ClaireBQuinn",1,TRUE,FALSE,NA,NA
"RT @SomnThSaha1: Wishing a very happy birthday to Hon’ble Minister of State for Environment, Forest &amp; Climate Change Shri @SuPriyoBabul ji.…",FALSE,0,NA,2019-12-15 08:02:35,FALSE,NA,"1206122366301958145",NA,"<a href=""http://twitter.com/download/android"" rel=""nofollow"">Twitter for Android</a>","Joykrishanchow2",4,TRUE,FALSE,NA,NA
"RT @SolidariDirk: A climate was created in which whites didn't feel welcome. From 1994 to 2002 at least 10 207 white staff members, constit…",FALSE,0,NA,2019-12-15 08:02:35,FALSE,NA,"1206122365240905728",NA,"<a href=""http://twitter.com/download/android"" rel=""nofollow"">Twitter for Android</a>","RinaSchultz4",8,TRUE,FALSE,NA,NA
"RT @SylviaD32911201: This graph in the British Museum set me on my path to climate enlightenment.

The more I researched and reasoned the w…",FALSE,0,NA,2019-12-15 08:02:35,FALSE,NA,"1206122364770996229",NA,"<a href=""https://mobile.twitter.com"" rel=""nofollow"">Twitter Web App</a>","JimW_in_NM",52,TRUE,FALSE,NA,NA
"RT @Tiff_FitzHenry: Trauma is the go to tool of the controlling elite &amp; climate hysteria is the new 9/11. 

Pro-tip: Never believe powerful…",FALSE,0,NA,2019-12-15 08:02:34,FALSE,NA,"1206122363584073728",NA,"<a href=""https://mobile.twitter.com"" rel=""nofollow"">Twitter Web App</a>","MrPoopyPants19",1016,TRUE,FALSE,NA,NA
"RT @narakxm: Today, I asked @PeteButtigieg to change his climate plan because his call to end climate pollution by 2050 IS NOT GOOD ENOUGH.…",FALSE,0,NA,2019-12-15 08:02:34,FALSE,NA,"1206122361851990016",NA,"<a href=""http://twitter.com/download/android"" rel=""nofollow"">Twitter for Android</a>","LiftTheeLeft",51,TRUE,FALSE,NA,NA
"”The world needs an all-out effort to keep the Arctic ice strong. This requires cutting emissions of carbon dioxide… https://t.co/M2XumH8Iti",FALSE,0,NA,2019-12-15 08:02:34,TRUE,NA,"1206122361285697537",NA,"<a href=""http://twitter.com/download/iphone"" rel=""nofollow"">Twitter for iPhone</a>","ElisaMikko",0,FALSE,FALSE,NA,NA
"RT @hick_kevin: @Gladfly1 @Hobojebus @badmoonrising11 @DawnTJ90 @KIVUNature @ClimatePoet @dvibrationz @Tokyo_Tom @Kenneth72712993 @BradSchr…",FALSE,0,NA,2019-12-15 08:02:33,FALSE,NA,"1206122356319514626",NA,"<a href=""http://twitter.com/download/android"" rel=""nofollow"">Twitter for Android</a>","jellyfish949",3,TRUE,FALSE,NA,NA
"RT @HoadeRobbie: If you have some free time over the Christmas period, get into this free course on Climate Change from the most prominent…",FALSE,0,NA,2019-12-15 08:02:32,FALSE,NA,"1206122353282949120",NA,"<a href=""http://twitter.com/download/iphone"" rel=""nofollow"">Twitter for iPhone</a>","ineeshadvs",31,TRUE,FALSE,NA,NA
"RT @IPOT1776: I can do this too.
'Not My Climate Change!'
'Not My Impeachment Inquiry!'
'Not My Browser History!' https://t.co/xsb30oMhU6",FALSE,0,NA,2019-12-15 08:02:31,FALSE,NA,"1206122349369516034",NA,"<a href=""http://twitter.com/download/iphone"" rel=""nofollow"">Twitter for iPhone</a>","jeepndad",23,TRUE,FALSE,NA,NA
"Negotiators work through the night to salvage U.N. climate summit https://t.co/jKlqWZIWfD #UK #UKBiz #England #Britain #UnitedKingdom",FALSE,0,NA,2019-12-15 08:02:29,FALSE,NA,"1206122343258578944",NA,"<a href=""http://business-support-network.org/ukbiz/"" rel=""nofollow"">UK Business</a>","ukbizz",0,FALSE,FALSE,NA,NA
"ZANESVILLE OH Dec 14 Climate: Hi: 41 Lo: 35 Precip: 0.5 Snow: M https://t.co/oViK8KZ7o5",FALSE,0,NA,2019-12-15 08:02:29,FALSE,NA,"1206122341949820928",NA,"<a href=""https://mesonet.agron.iastate.edu/projects/iembot/"" rel=""nofollow"">iembot</a>","iembot_pbz",0,FALSE,FALSE,NA,NA
"RT @TrumpLadyFran: I WOULD LOVE To See CJ Pearson Take On Greta! 

He's Challenging 16 Yr Old ""Thumpyberger"" To a Climate Debate After She’…",FALSE,0,NA,2019-12-15 08:02:29,FALSE,NA,"1206122340083359744",NA,"<a href=""http://twitter.com/download/iphone"" rel=""nofollow"">Twitter for iPhone</a>","CudmoreDipietra",705,TRUE,FALSE,NA,NA
"RT @Pam_Palmater: I agree w you @cblackst I can't imagine how politicians elected to serve the interests of the people would waste 5 minute…",FALSE,0,NA,2019-12-15 08:02:28,FALSE,NA,"1206122338493911040",NA,"<a href=""https://mobile.twitter.com"" rel=""nofollow"">Twitter Web App</a>","elle_v__",69,TRUE,FALSE,NA,NA
"RT @NickCowern: Following COP25 it seems that only individual conscience and technological change stand between humanity and climatic disas…",FALSE,0,NA,2019-12-15 08:02:28,FALSE,NA,"1206122335977299969",NA,"<a href=""http://twitter.com/#!/download/ipad"" rel=""nofollow"">Twitter for iPad</a>","maddonkeylady",27,TRUE,FALSE,NA,NA
"@ToniParsons14 @JulianBurnside @ScottMorrisonMP Oh dear you seem a bit hot &amp; bothered. Don’t let the exaggerations… https://t.co/9rGEOvS3GG",FALSE,0,"ToniParsons14",2019-12-15 08:02:27,TRUE,"1206011293674528768","1206122332068040704","1126449177263628299","<a href=""http://twitter.com/download/iphone"" rel=""nofollow"">Twitter for iPhone</a>","Johnwr69",0,FALSE,FALSE,NA,NA
"RT @DailyCaller: Greta Thunberg: ‘Put World Leaders Against The Wall’ If They Fail To Take Action On Climate Change. https://t.co/xi0zJncBTy",FALSE,0,NA,2019-12-15 08:02:26,FALSE,NA,"1206122330813947905",NA,"<a href=""http://twitter.com/download/iphone"" rel=""nofollow"">Twitter for iPhone</a>","BauxV16",32,TRUE,FALSE,NA,NA
"RT @WriteLyn: @theprojecttv After this nasty little trick to con the public’s emotions by pushing climate - hoax &amp; to shamefully use fireme…",FALSE,0,NA,2019-12-15 08:02:26,FALSE,NA,"1206122330017030145",NA,"<a href=""http://twitter.com/download/iphone"" rel=""nofollow"">Twitter for iPhone</a>","auselection2016",1,TRUE,FALSE,NA,NA
"RT @PaulEDawson: ""The OIL INDUSTRY is NOT your FRIEND.""

""Whatever it might say about its ethical credentials, while it CONTINUES to invest…",FALSE,0,NA,2019-12-15 08:02:26,FALSE,NA,"1206122326858686465",NA,"<a href=""https://mobile.twitter.com"" rel=""nofollow"">Twitter Web App</a>","LaurieAdkin",57,TRUE,FALSE,NA,NA
"UN climate talks limp toward finish line, key questions left https://t.co/S7Xjz73bO4",FALSE,0,NA,2019-12-15 08:02:25,FALSE,NA,"1206122326376488960",NA,"<a href=""http://twitter.com"" rel=""nofollow"">Twitter Web Client</a>","ahramonline",0,FALSE,FALSE,NA,NA
"""I was always a 'middle-grounder', rather than a 'denier' – until I discovered the extent of the dishonesty,"" write… https://t.co/kO6clgZLGJ",FALSE,0,NA,2019-12-15 08:02:25,TRUE,NA,"1206122325030121472",NA,"<a href=""https://ifttt.com"" rel=""nofollow"">IFTTT</a>","AceDailyNews",0,FALSE,FALSE,NA,NA
"PITTSBURGH PA Dec 14 Climate: Hi: 39 Lo: 34 Precip: 0.48 Snow: Trace https://t.co/Lkq8fM8V29",FALSE,0,NA,2019-12-15 08:02:25,FALSE,NA,"1206122324002361344",NA,"<a href=""https://mesonet.agron.iastate.edu/projects/iembot/"" rel=""nofollow"">iembot</a>","iembot_pbz",0,FALSE,FALSE,NA,NA
"WHEELING WV Dec 14 Climate: Hi: 39 Lo: 34 Precip: 0.35 Snow: M https://t.co/Eyl2QgYzEp",FALSE,0,NA,2019-12-15 08:02:25,FALSE,NA,"1206122323968843776",NA,"<a href=""https://mesonet.agron.iastate.edu/projects/iembot/"" rel=""nofollow"">iembot</a>","iembot_pbz",0,FALSE,FALSE,NA,NA
"MORGANTOWN WV Dec 14 Climate: Hi: 49 Lo: 35 Precip: 0.63 Snow: M https://t.co/foO5L33Kq5",FALSE,0,NA,2019-12-15 08:02:25,FALSE,NA,"1206122323943706625",NA,"<a href=""https://mesonet.agron.iastate.edu/projects/iembot/"" rel=""nofollow"">iembot</a>","iembot_pbz",0,FALSE,FALSE,NA,NA
"NEW PHILADELPHIA OH Dec 14 Climate: Hi: 39 Lo: 35 Precip: 0.43 Snow: M https://t.co/60pCrQPymW",FALSE,0,NA,2019-12-15 08:02:25,FALSE,NA,"1206122323935318016",NA,"<a href=""https://mesonet.agron.iastate.edu/projects/iembot/"" rel=""nofollow"">iembot</a>","iembot_pbz",0,FALSE,FALSE,NA,NA
"RT @ABC: Former Pres. Barack Obama says the Paris Agreement on climate change may fall short of expectations but is still the way forward t…",FALSE,0,NA,2019-12-15 08:02:25,FALSE,NA,"1206122322618462209",NA,"<a href=""https://mobile.twitter.com"" rel=""nofollow"">Twitter Web App</a>","marylynne1",44,TRUE,FALSE,NA,NA
"How climate change is creating more child brides in Uganda https://t.co/XDcHyEj95L",FALSE,0,NA,2019-12-15 08:02:24,FALSE,NA,"1206122322199007233",NA,"<a href=""http://twitter.com"" rel=""nofollow"">Twitter Web Client</a>","Steph80335",0,FALSE,FALSE,NA,NA
"RT @DanRather: It’s worth noting that most people who echo a world where facts and expertise don’t matter in politics or the climate crisis…",FALSE,0,NA,2019-12-15 08:02:23,FALSE,NA,"1206122314171064320",NA,"<a href=""http://tapbots.com/tweetbot"" rel=""nofollow"">Tweetbot for i<U+039F>S</a>","1drahsanm",6253,TRUE,FALSE,NA,NA
"RT @jeremycorbyn: I am proud that on austerity, corporate power, inequality and the climate emergency we have won the arguments and rewritt…",FALSE,0,NA,2019-12-15 08:02:22,FALSE,NA,"1206122312950530049",NA,"<a href=""https://mobile.twitter.com"" rel=""nofollow"">Twitter Web App</a>","CyrilBachInvest",3773,TRUE,FALSE,NA,NA
"RT @robbystarbuck: This is what climate protestors in the Netherlands are doing. I’m convinced these people were drama kids in school but s…",FALSE,0,NA,2019-12-15 08:02:22,FALSE,NA,"1206122312132464641",NA,"<a href=""https://mobile.twitter.com"" rel=""nofollow"">Twitter Web App</a>","Sputtter",815,TRUE,FALSE,NA,NA
"RT @DanRather: It’s worth noting that most people who echo a world where facts and expertise don’t matter in politics or the climate crisis…",FALSE,0,NA,2019-12-15 08:02:20,FALSE,NA,"1206122304448712705",NA,"<a href=""http://twitter.com/download/iphone"" rel=""nofollow"">Twitter for iPhone</a>","BeckyGallaghe10",6253,TRUE,FALSE,NA,NA
"RT UNFCCC: RT PEspinosaC: Thanks to the countries that pledged close to USD 90 million to the adaptationfund at… https://t.co/F8cdEBvbGE",FALSE,0,NA,2019-12-15 08:02:20,TRUE,NA,"1206122304276746241",NA,"<a href=""https://ifttt.com"" rel=""nofollow"">IFTTT</a>","MrBMcGrath",0,FALSE,FALSE,NA,NA
"RT UNFCCC: At #COP25 in Madrid, the UN together with high-level climate champions plus regions, cities, businesses… https://t.co/g9hy36av9y",FALSE,0,NA,2019-12-15 08:02:19,TRUE,NA,"1206122299923058689",NA,"<a href=""https://ifttt.com"" rel=""nofollow"">IFTTT</a>","MrBMcGrath",0,FALSE,FALSE,NA,NA
"Climate change has made the world's deadliest lake way more dangerous     - CNET https://t.co/ynoycETpPG",FALSE,0,NA,2019-12-15 08:02:17,FALSE,NA,"1206122292356505600",NA,"<a href=""https://ifttt.com"" rel=""nofollow"">IFTTT</a>","DavidPapp",0,FALSE,FALSE,NA,NA
"RT @TheDemCoalition: The @FLOTUS birther Melania Trump was furious when her 13-year-old son Barron was mentioned during an impeachment inqu…",FALSE,0,NA,2019-12-15 08:02:17,FALSE,NA,"1206122290171273218",NA,"<a href=""http://twitter.com/download/android"" rel=""nofollow"">Twitter for Android</a>","jam2478",2369,TRUE,FALSE,NA,NA
"RT @ClimateBen: A global crop failure catastrophe before 2029 looks extremely likely.

'heat waves and their associated droughts are virtua…",FALSE,0,NA,2019-12-15 08:02:16,FALSE,NA,"1206122285683400704",NA,"<a href=""http://twitter.com/download/android"" rel=""nofollow"">Twitter for Android</a>","Cythemadim",510,TRUE,FALSE,NA,NA
"Climate change: Call for 'flexibility' to reach consensus at talks https://t.co/KuRjoUYElh",FALSE,0,NA,2019-12-15 08:02:16,FALSE,NA,"1206122285536600064",NA,"<a href=""http://twitter.com/download/iphone"" rel=""nofollow"">Twitter for iPhone</a>","helenyg",0,FALSE,FALSE,NA,NA
"RT @narakxm: Today, I asked @PeteButtigieg to change his climate plan because his call to end climate pollution by 2050 IS NOT GOOD ENOUGH.…",FALSE,0,NA,2019-12-15 08:02:15,FALSE,NA,"1206122284492046336",NA,"<a href=""http://itunes.apple.com/us/app/twitter/id409789998?mt=12"" rel=""nofollow"">Twitter for Mac</a>","GarrettCRW",51,TRUE,FALSE,NA,NA
"RT @RobertCooper58: Melania Trump was furious when her 13-year-old son Barron was mentioned during an impeachment inquiry hearing, but she…",FALSE,0,NA,2019-12-15 08:02:15,FALSE,NA,"1206122283066150913",NA,"<a href=""http://twitter.com/download/android"" rel=""nofollow"">Twitter for Android</a>","ProgressWeekly",1278,TRUE,FALSE,NA,NA
"RT @KlatuBaradaNiko: This world famous waterfall is running drier than usual — and the climate crisis might be to blame https://t.co/MiRGFL…",FALSE,0,NA,2019-12-15 08:02:14,FALSE,NA,"1206122276795629568",NA,"<a href=""http://twitter.com/download/iphone"" rel=""nofollow"">Twitter for iPhone</a>","Clesion",17,TRUE,FALSE,NA,NA
"@MikeHudema Indeed - the link between climate change and food security has been proven and will have devastating an… https://t.co/FBD8jTOPTx",FALSE,0,"MikeHudema",2019-12-15 08:02:13,TRUE,"1205825390108905475","1206122275788984320","15088481","<a href=""http://twitter.com/download/iphone"" rel=""nofollow"">Twitter for iPhone</a>","JaclynRSA",0,FALSE,FALSE,NA,NA
"RT @mitchellvii: Have you ever wondered what a ""climate scientist"" does all day?

They don't invent anything.
They don't predict the weathe…",FALSE,0,NA,2019-12-15 08:02:13,FALSE,NA,"1206122273297461249",NA,"<a href=""http://twitter.com/download/android"" rel=""nofollow"">Twitter for Android</a>","Realitized1",482,TRUE,FALSE,NA,NA
"RT @PrisonPlanet: Greta Thunberg threatened to put world leaders “against the wall” if they refuse to comply with climate change demands.…",FALSE,0,NA,2019-12-15 08:02:11,FALSE,NA,"1206122264564944896",NA,"<a href=""http://twitter.com/download/iphone"" rel=""nofollow"">Twitter for iPhone</a>","karlfischer_biz",3402,TRUE,FALSE,NA,NA
"RT @ClimateHome: Climate talks in Madrid are about to become the longest in history as negotiators remain deadlocked. Here's why: https://t…",FALSE,0,NA,2019-12-15 08:02:10,FALSE,NA,"1206122263273263105",NA,"<a href=""http://twitter.com/download/android"" rel=""nofollow"">Twitter for Android</a>","sun09RE",29,TRUE,FALSE,NA,NA
"RT @PaulEDawson: ""The OIL INDUSTRY is NOT your FRIEND.""

""Whatever it might say about its ethical credentials, while it CONTINUES to invest…",FALSE,0,NA,2019-12-15 08:02:10,FALSE,NA,"1206122262967009280",NA,"<a href=""http://twitter.com/download/android"" rel=""nofollow"">Twitter for Android</a>","UR_Greens",57,TRUE,FALSE,NA,NA
"RT @Reuters: ICYMI: Alaskan glaciers are melting at record or near-record levels as 2019 is likely to be the state’s hottest year on record…",FALSE,0,NA,2019-12-15 08:02:08,FALSE,NA,"1206122254951763969",NA,"<a href=""http://twitter.com/download/android"" rel=""nofollow"">Twitter for Android</a>","basskick",18,TRUE,FALSE,NA,NA
"RT @Joshua4Congress: ""It is a crisis of human rights, of justice, &amp; of political will. Colonial, racist, and patriarchal systems of oppress…",FALSE,0,NA,2019-12-15 08:02:08,FALSE,NA,"1206122253223489547",NA,"<a href=""http://twitter.com/download/android"" rel=""nofollow"">Twitter for Android</a>","MelancholicHam",23,TRUE,FALSE,NA,NA
"RT @UNFCCC: The pollution pods, an immersive art installation to illustrate the impacts of #AirPollution, are on display at #COP25 in Madri…",FALSE,0,NA,2019-12-15 08:02:08,FALSE,NA,"1206122252712005632",NA,"<a href=""https://www.trvst.world"" rel=""nofollow"">Thematic Account Auto Tweet</a>","TRVST_Waste",199,TRUE,FALSE,NA,NA
"RT @robert_spalding: Same for all the environmental/climate activists. I actually don't understand why. The CCP is the biggest polluter in…",FALSE,0,NA,2019-12-15 08:02:08,FALSE,NA,"1206122252015681536",NA,"<a href=""http://twitter.com/download/android"" rel=""nofollow"">Twitter for Android</a>","dahankzter",206,TRUE,FALSE,NA,NA
"RT @SenSanders: Our obstacle to solving the climate crisis is not technological—it is political. We have what we need to rapidly move to a…",FALSE,0,NA,2019-12-15 08:02:07,FALSE,NA,"1206122249926791168",NA,"<a href=""http://twitter.com/download/iphone"" rel=""nofollow"">Twitter for iPhone</a>","JACKR0UGE",624,TRUE,FALSE,NA,NA
"RT @mitchellvii: Have you ever wondered what a ""climate scientist"" does all day?

They don't invent anything.
They don't predict the weathe…",FALSE,0,NA,2019-12-15 08:02:07,FALSE,NA,"1206122249826291712",NA,"<a href=""http://twitter.com/download/android"" rel=""nofollow"">Twitter for Android</a>","JohnnyO828",482,TRUE,FALSE,NA,NA
"RT Greenpeace: From the melting ice sheets in Greenland to forest fires in Amazon and Indonesia, these are the many… https://t.co/XmFiiAW93u",FALSE,0,NA,2019-12-15 08:02:07,TRUE,NA,"1206122247888547840",NA,"<a href=""https://ifttt.com"" rel=""nofollow"">IFTTT</a>","MrBMcGrath",0,FALSE,FALSE,NA,NA
"@RequiemScott @JayStill4 Nah. I'm offended. Never voted LNP. Live frugally &amp; grateful for everything I have, despit… https://t.co/vfZ1j0qi3c",FALSE,0,"RequiemScott",2019-12-15 08:02:05,TRUE,"1206118523992326144","1206122241924063234","597171672","<a href=""https://mobile.twitter.com"" rel=""nofollow"">Twitter Web App</a>","spiritgateoz",0,FALSE,FALSE,NA,NA
"RT @chesleydohl: Climate Alarmist Greta Thunberg Says ""We Will Put World Leaders Against The Wall."" <U+0001F914> 

Wow. Sweet kid.<U+0001F633> It just me or is t…",FALSE,0,NA,2019-12-15 08:02:05,FALSE,NA,"1206122241701761025",NA,"<a href=""http://twitter.com/download/android"" rel=""nofollow"">Twitter for Android</a>","1776PatHenry",535,TRUE,FALSE,NA,NA
"RT Greenpeace: ""The good news is that addressing social issues alongside the climate crisis has the potential to ge… https://t.co/nnmph0YmES",FALSE,0,NA,2019-12-15 08:02:05,TRUE,NA,"1206122239785127936",NA,"<a href=""https://ifttt.com"" rel=""nofollow"">IFTTT</a>","MrBMcGrath",0,FALSE,FALSE,NA,NA
"RT @Reuters: ICYMI: Alaskan glaciers are melting at record or near-record levels as 2019 is likely to be the state’s hottest year on record…",FALSE,0,NA,2019-12-15 08:02:04,FALSE,NA,"1206122236345647104",NA,"<a href=""https://mobile.twitter.com"" rel=""nofollow"">Twitter Web App</a>","Iz7pTl1UuL1Ihjk",18,TRUE,FALSE,NA,NA
"RT Greenpeace: 1 person every 2 seconds.

20 million a year.

Forced from home by the climate crisis.

This is a… https://t.co/MqExEC1ExE",FALSE,0,NA,2019-12-15 08:02:04,TRUE,NA,"1206122235439853568",NA,"<a href=""https://ifttt.com"" rel=""nofollow"">IFTTT</a>","MrBMcGrath",0,FALSE,FALSE,NA,NA
"RT Greenpeace: RT lizwathuti: Pushing Africa forward in the #climate space!

We are not just demanding for urgent a… https://t.co/yAbMlxAH87",FALSE,0,NA,2019-12-15 08:02:03,TRUE,NA,"1206122232596062208",NA,"<a href=""https://ifttt.com"" rel=""nofollow"">IFTTT</a>","MrBMcGrath",0,FALSE,FALSE,NA,NA
"RT @business: Governments are now using the fine print of financial regulations to fight climate change https://t.co/Ii29ZwtfqJ",FALSE,0,NA,2019-12-15 08:02:03,FALSE,NA,"1206122232449294336",NA,"<a href=""http://twitter.com/download/iphone"" rel=""nofollow"">Twitter for iPhone</a>","parigina72",14,TRUE,FALSE,NA,NA
"RT @MikeHudema: Insect numbers are crashing in huge numbers due to #climatechange, pesticides, habitat loss.

If the insects go down they'r…",FALSE,0,NA,2019-12-15 08:02:03,FALSE,NA,"1206122232193437696",NA,"<a href=""http://twitter.com/download/android"" rel=""nofollow"">Twitter for Android</a>","Castoropollux2",506,TRUE,FALSE,NA,NA
"RT @jeremycorbyn: I am proud that on austerity, corporate power, inequality and the climate emergency we have won the arguments and rewritt…",FALSE,0,NA,2019-12-15 08:02:03,FALSE,NA,"1206122230490509313",NA,"<a href=""http://twitter.com/download/android"" rel=""nofollow"">Twitter for Android</a>","alicekasper",3773,TRUE,FALSE,NA,NA
"RT jennybethm ""<U+0001F644><U+0001F644><U+0001F644>
 
https://t.co/6WDqTZ78lp""",FALSE,0,NA,2019-12-15 08:02:02,FALSE,NA,"1206122229261635584",NA,"<a href=""https://ifttt.com"" rel=""nofollow"">IFTTT</a>","sguggenheim",0,FALSE,FALSE,NA,NA
"RT @johncardillo: Greta Thunberg tells cheering crowd 'we will make sure we put world leaders against the wall' 

She’ll be running an eco…",FALSE,0,NA,2019-12-15 08:02:01,FALSE,NA,"1206122225104908288",NA,"<a href=""http://twitter.com/#!/download/ipad"" rel=""nofollow"">Twitter for iPad</a>","tcgong",2971,TRUE,FALSE,NA,NA
"Attacks on Greta Thunberg expose the stigma autistic girls face

Trump’s tweets about the climate activist are part… https://t.co/utfu8leECS",FALSE,0,NA,2019-12-15 08:02:01,TRUE,NA,"1206122224975073281",NA,"<a href=""https://buffer.com"" rel=""nofollow"">Buffer</a>","QLMentoring",0,FALSE,FALSE,NA,NA
"RT @shornKOOMINS: So two of my mates were beaten up late last night by right wingers. Overheard talking about Labour in Burger King and bea…",FALSE,0,NA,2019-12-15 08:02:00,FALSE,NA,"1206122219870572544",NA,"<a href=""http://twitter.com/download/iphone"" rel=""nofollow"">Twitter for iPhone</a>","mattcookephoto",1520,TRUE,FALSE,NA,NA
"RT @JaggerMickOZ: Australian BoM led the world in Climate Corruption 

Truncated pre 1910 Temperature Data

Canada is now following suite…",FALSE,0,NA,2019-12-15 08:02:00,FALSE,NA,"1206122219828441088",NA,"<a href=""http://twitter.com/download/android"" rel=""nofollow"">Twitter for Android</a>","JohnEva73484270",33,TRUE,FALSE,NA,NA
"By helping to return control of public water resources to local communities, a coalition promotes climate justice.… https://t.co/dfzTYxKB1K",FALSE,0,NA,2019-12-15 08:02:00,TRUE,NA,"1206122218675036160",NA,"<a href=""https://about.twitter.com/products/tweetdeck"" rel=""nofollow"">TweetDeck</a>","ClimateHome",0,FALSE,FALSE,NA,NA
"RT @Reuters: ICYMI: Alaskan glaciers are melting at record or near-record levels as 2019 is likely to be the state’s hottest year on record…",FALSE,0,NA,2019-12-15 08:01:59,FALSE,NA,"1206122214791229442",NA,"<a href=""http://twitter.com/#!/download/ipad"" rel=""nofollow"">Twitter for iPad</a>","antonianeakios",19,TRUE,FALSE,NA,NA
"RT @RKalapurakal: OK. Are we listening now?

#Cop25Madrid2019 @un <U+2066>@GeraldKutney<U+2069> <U+2066>@ScheuerJo<U+2069> <U+2066>@martinfredras<U+2069>  https://t.co/esqWxSv8Zq",FALSE,0,NA,2019-12-15 08:01:59,FALSE,NA,"1206122214791073793",NA,"<a href=""https://mobile.twitter.com"" rel=""nofollow"">Twitter Web App</a>","egirrrlie",60,TRUE,FALSE,NA,NA
"RT @EDenhoff: @doug_schweitzer I don’t necessarily disagree, but note that California, with a climate levy, high taxes and super regulated,…",FALSE,0,NA,2019-12-15 08:01:58,FALSE,NA,"1206122213390159874",NA,"<a href=""http://twitter.com/download/iphone"" rel=""nofollow"">Twitter for iPhone</a>","AJSolberg",2,TRUE,FALSE,NA,NA
"RT @bennyjohnson: Two decades before Greta was even born, George Carlin nuked her hypocritical, arrogant, elitist climate alarmism.

It’s s…",FALSE,0,NA,2019-12-15 08:01:58,FALSE,NA,"1206122210143952896",NA,"<a href=""https://mobile.twitter.com"" rel=""nofollow"">Twitter Web App</a>","MadelynMardigan",4690,TRUE,FALSE,NA,NA
"RT @GlobalLF: Communities in #mountain regions, who often live near #wildlife and are dependent on crops and #livestock, are faced with gre…",FALSE,0,NA,2019-12-15 08:01:57,FALSE,NA,"1206122206553657344",NA,"<a href=""https://mobile.twitter.com"" rel=""nofollow"">Twitter Web App</a>","of_snp",1,TRUE,FALSE,NA,NA
"RT @davidsirota: “I really did want Medicare for All &amp; a Green New Deal but I don’t like proponents’ tone, so now I’m OK with uninsured peo…",FALSE,0,NA,2019-12-15 08:01:57,FALSE,NA,"1206122206213881857",NA,"<a href=""http://twitter.com/download/android"" rel=""nofollow"">Twitter for Android</a>","aquaricorn",326,TRUE,FALSE,NA,NA
"If you believe everything the elites/Satanic politicians tell you, and you support their agenda. Like climate chang… https://t.co/JFFcAdUrtx",FALSE,0,NA,2019-12-15 08:01:56,TRUE,NA,"1206122204095750146",NA,"<a href=""http://twitter.com/download/android"" rel=""nofollow"">Twitter for Android</a>","NatalieSincla17",0,FALSE,FALSE,NA,NA
"RT @Tiff_FitzHenry: The President of Brazil didn’t just come out and say ‘there’s an investigation into how the fires were started and peop…",FALSE,0,NA,2019-12-15 08:01:55,FALSE,NA,"1206122199100403712",NA,"<a href=""http://twitter.com/download/iphone"" rel=""nofollow"">Twitter for iPhone</a>","cares_matic",2755,TRUE,FALSE,NA,NA
"RT @NBCNews: Michelle Obama sends note of support to Greta Thunberg after President Trump mocked the teen climate activist who he lost out…",FALSE,0,NA,2019-12-15 08:01:55,FALSE,NA,"1206122196889788417",NA,"<a href=""http://twitter.com/#!/download/ipad"" rel=""nofollow"">Twitter for iPad</a>","RochonRodney",109,TRUE,FALSE,NA,NA
"RT @Carbongate: Over 100 Papers Assert CO2 Has Little or No Climate Effect https://t.co/3mER3ZidIc via @john0sullivanp2",FALSE,0,NA,2019-12-15 08:01:52,FALSE,NA,"1206122186613960704",NA,"<a href=""http://twitter.com/download/iphone"" rel=""nofollow"">Twitter for iPhone</a>","pmevans5",6,TRUE,FALSE,NA,NA
"RT @ClimateHome: Climate talks in Madrid are about to become the longest in history as negotiators remain deadlocked. Here's why: https://t…",FALSE,0,NA,2019-12-15 08:01:52,FALSE,NA,"1206122184546168832",NA,"<a href=""http://twitter.com/#!/download/ipad"" rel=""nofollow"">Twitter for iPad</a>","GerritRentier",29,TRUE,FALSE,NA,NA
"RT @PaulEDawson: “Climate change threatens the entire mountain ecosystem,”

“Immediate action is required to safeguard the future of the wo…",FALSE,0,NA,2019-12-15 08:01:51,FALSE,NA,"1206122183094865925",NA,"<a href=""https://mobile.twitter.com"" rel=""nofollow"">Twitter Web App</a>","FournierFloren5",2,TRUE,FALSE,NA,NA
"RT @HelenClarkNZ: Negotiations at #changeclimate #COP25 in Madrid have been protracted with some countries refusing to support the serious…",FALSE,0,NA,2019-12-15 08:01:51,FALSE,NA,"1206122183052816384",NA,"<a href=""https://mobile.twitter.com"" rel=""nofollow"">Twitter Web App</a>","sfvsierraclub",16,TRUE,FALSE,NA,NA
"RT @jeremycorbyn: I am proud that on austerity, corporate power, inequality and the climate emergency we have won the arguments and rewritt…",FALSE,0,NA,2019-12-15 08:01:49,FALSE,NA,"1206122171916963840",NA,"<a href=""http://twitter.com/download/iphone"" rel=""nofollow"">Twitter for iPhone</a>","anxious1999",3773,TRUE,FALSE,NA,NA
"RT @schmrn: What he wrote was, ""I am proud that on austerity, on corporate power, on inequality and on the climate emergency we have won th…",FALSE,0,NA,2019-12-15 08:01:48,FALSE,NA,"1206122170059051009",NA,"<a href=""https://mobile.twitter.com"" rel=""nofollow"">Twitter Web App</a>","DKLarge2",5,TRUE,FALSE,NA,NA
"COP 25 agenda item 8(c)
CMA 2 agenda item 7(b)
Green Climate Fund
Amended L-documents available at:
https://t.co/sFkapeLfvA … … … … …
#COP25",FALSE,0,NA,2019-12-15 08:01:48,FALSE,NA,"1206122170025435136",NA,"<a href=""http://twitter.com"" rel=""nofollow"">Twitter Web Client</a>","UNFCCCDocuments",0,FALSE,FALSE,NA,NA
"@ArthurCDent @moz_zarella Well, this is my last column on environment-related issues.

https://t.co/tHNLkl8gDX",FALSE,0,"ArthurCDent",2019-12-15 08:01:47,FALSE,"1206120599883407361","1206122164954550273","1040355476049780736","<a href=""https://mobile.twitter.com"" rel=""nofollow"">Twitter Web App</a>","CathyYoung63",0,FALSE,FALSE,NA,NA
"RT @billmckibben: When the UN is kicking out protesters, not polluters, from the climate talks, you get a sense of why things are going off…",FALSE,0,NA,2019-12-15 08:01:45,FALSE,NA,"1206122157941673985",NA,"<a href=""http://twitter.com/download/iphone"" rel=""nofollow"">Twitter for iPhone</a>","Sacredwatercamp",1331,TRUE,FALSE,NA,NA
"RT @Reuters: ICYMI: Alaskan glaciers are melting at record or near-record levels as 2019 is likely to be the state’s hottest year on record…",FALSE,0,NA,2019-12-15 08:01:45,FALSE,NA,"1206122157870202880",NA,"<a href=""http://twitter.com/#!/download/ipad"" rel=""nofollow"">Twitter for iPad</a>","unlewis",19,TRUE,FALSE,NA,NA
"RT @bennyjohnson: Two decades before Greta was even born, George Carlin nuked her hypocritical, arrogant, elitist climate alarmism.

It’s s…",FALSE,0,NA,2019-12-15 08:01:45,FALSE,NA,"1206122157488652288",NA,"<a href=""http://tapbots.com/tweetbot"" rel=""nofollow"">Tweetbot for i<U+039F>S</a>","Cheryl_Morgan1",4690,TRUE,FALSE,NA,NA
"RT @DrTyroneWilson1: Can anybody explain to me what makes this kid and expert on climate change?

SHE ANNOYS THE HELL OUT OF ME!!!! https:/…",FALSE,0,NA,2019-12-15 08:01:44,FALSE,NA,"1206122153252245504",NA,"<a href=""http://twitter.com/download/android"" rel=""nofollow"">Twitter for Android</a>","MillieTurner702",65,TRUE,FALSE,NA,NA
"RT @TheBabylonBee: Poll Finds Most People Would Rather Be Annihilated By Giant Tidal Wave Than Continue To Be Lectured By Climate Change Ac…",FALSE,0,NA,2019-12-15 08:01:44,FALSE,NA,"1206122151851515904",NA,"<a href=""https://mobile.twitter.com"" rel=""nofollow"">Twitter Web App</a>","prangija77",1601,TRUE,FALSE,NA,NA
"RT @MelissaSweetDr: ICYMI: As a #publichealth emergency escalates, doctors urged to push for climate action https://t.co/WkUTJKbrBo This re…",FALSE,0,NA,2019-12-15 08:01:44,FALSE,NA,"1206122151620669446",NA,"<a href=""https://mobile.twitter.com"" rel=""nofollow"">Twitter Web App</a>","ACTINOSProject",1,TRUE,FALSE,NA,NA
"@jeremycorbyn You are delusional. You didn’t win any arguments. Statements about austerity ring hollow when it was… https://t.co/UdDgdJGjKd",FALSE,0,"jeremycorbyn",2019-12-15 08:01:44,TRUE,"1205983136515067905","1206122151205638144","117777690","<a href=""http://twitter.com/download/iphone"" rel=""nofollow"">Twitter for iPhone</a>","history82094171",0,FALSE,FALSE,NA,NA
"RT @YaleE360: The European Investment Bank, the world’s largest development lender, will no longer finance fossil fuel projects starting in…",FALSE,0,NA,2019-12-15 08:01:44,FALSE,NA,"1206122150786154496",NA,"<a href=""http://twitter.com/download/android"" rel=""nofollow"">Twitter for Android</a>","sun09RE",52,TRUE,FALSE,NA,NA
"RT @Virginia_Hauss: “Morrison famously said he was going to burn every day for the virtuously ""quiet"" Australians. Yet studied inaction, ir…",FALSE,0,NA,2019-12-15 08:01:42,FALSE,NA,"1206122142493921281",NA,"<a href=""http://twitter.com/download/android"" rel=""nofollow"">Twitter for Android</a>","devalara44",29,TRUE,FALSE,NA,NA
"yeah thats what we call climate change https://t.co/jBBl72Seo7",FALSE,0,NA,2019-12-15 08:01:41,FALSE,NA,"1206122141265076224",NA,"<a href=""http://twitter.com/download/iphone"" rel=""nofollow"">Twitter for iPhone</a>","DrewCofie",0,FALSE,FALSE,NA,NA
"RT @pablorodas: CNN top news: ""45 million at risk in Southern Africa's hunger crisis https://t.co/2nSB0Is7aM https://t.co/2PZkIb2Vje",FALSE,0,NA,2019-12-15 08:01:40,FALSE,NA,"1206122135669944322",NA,"<a href=""http://twitter.com/#!/download/ipad"" rel=""nofollow"">Twitter for iPad</a>","dawnbazely",2,TRUE,FALSE,NA,NA
"RT @Reuters: ICYMI: Alaskan glaciers are melting at record or near-record levels as 2019 is likely to be the state’s hottest year on record…",FALSE,0,NA,2019-12-15 08:01:39,FALSE,NA,"1206122133245571072",NA,"<a href=""http://twitter.com/download/android"" rel=""nofollow"">Twitter for Android</a>","philrandal",19,TRUE,FALSE,NA,NA
"RT @en_germany: #December10: These are the latest #news from #Germany for you! #NewsDE
<U+2757><U+0001F195><U+0001F1E9><U+0001F1EA><U+0001F449> https://t.co/139sYzUaoP

#ClimateChange #Clima…",FALSE,0,NA,2019-12-15 08:01:39,FALSE,NA,"1206122131018395648",NA,"<a href=""https://mobile.twitter.com"" rel=""nofollow"">Twitter Web App</a>","MartinezPiment3",15,TRUE,FALSE,NA,NA
"RT @mitchellvii: Have you ever wondered what a ""climate scientist"" does all day?

They don't invent anything.
They don't predict the weathe…",FALSE,0,NA,2019-12-15 08:01:38,FALSE,NA,"1206122127239213056",NA,"<a href=""http://twitter.com/download/iphone"" rel=""nofollow"">Twitter for iPhone</a>","Terri_1333",482,TRUE,FALSE,NA,NA
"RT @bennyjohnson: Two decades before Greta was even born, George Carlin nuked her hypocritical, arrogant, elitist climate alarmism.

It’s s…",FALSE,0,NA,2019-12-15 08:01:38,FALSE,NA,"1206122126920552449",NA,"<a href=""http://twitter.com/download/iphone"" rel=""nofollow"">Twitter for iPhone</a>","Assurjechrist",4690,TRUE,FALSE,NA,NA
"RT @PaulEDawson: “This is an intentional failure of the White House to perform a core duty: inform the American public of the threats we fa…",FALSE,0,NA,2019-12-15 08:01:38,FALSE,NA,"1206122125892804617",NA,"<a href=""http://twitter.com/#!/download/ipad"" rel=""nofollow"">Twitter for iPad</a>","Adriana24964",25,TRUE,FALSE,NA,NA
"RT @EdwardJDavey: Whilst Labour squabbles, the Lib Dems will hold Johnson to account 

We will continue to ensure the voice of remainers is…",FALSE,0,NA,2019-12-15 08:01:37,FALSE,NA,"1206122121535119361",NA,"<a href=""http://twitter.com/download/iphone"" rel=""nofollow"">Twitter for iPhone</a>","DavidParry11",184,TRUE,FALSE,NA,NA
"45 million at risk in Southern Africa's hunger crisis https://t.co/KsvV00AIr5",FALSE,0,NA,2019-12-15 08:01:37,FALSE,NA,"1206122121371553793",NA,"<a href=""https://ifttt.com"" rel=""nofollow"">IFTTT</a>","MediaNrh",0,FALSE,FALSE,NA,NA
"RT @JessCooke21: I've been attending these climate negotiations since they began in 1991. But never have I seen the disconnect here at #COP…",FALSE,0,NA,2019-12-15 08:01:34,FALSE,NA,"1206122112446062593",NA,"<a href=""https://mobile.twitter.com"" rel=""nofollow"">Twitter Web App</a>","Bidge3",276,TRUE,FALSE,NA,NA
"RT @PeterJrgen12: I guess everyone should have noticed that ""in the name of climate change"" absolutely every grotesque BS and its contrary…",FALSE,0,NA,2019-12-15 08:01:33,FALSE,NA,"1206122106674483201",NA,"<a href=""http://twitter.com/download/iphone"" rel=""nofollow"">Twitter for iPhone</a>","Jagster20548365",13,TRUE,FALSE,NA,NA
"When they tell you to turn in your guns, tell them to end their wars and turn in their weapons first. #2A

When the… https://t.co/u4wcxhkuK8",FALSE,0,NA,2019-12-15 08:01:32,TRUE,NA,"1206122103998685184",NA,"<a href=""https://mobile.twitter.com"" rel=""nofollow"">Twitter Web App</a>","BryanAccra",0,FALSE,FALSE,NA,NA
"@1stthes521 @LoudSneezer @D_B_Harrison You can’t argue with willful ignorance. The issue of climate change is known… https://t.co/Rmka8D6W0l",FALSE,0,"1stthes521",2019-12-15 08:01:32,TRUE,"1206055202094080001","1206122101188497408","236131203","<a href=""http://twitter.com/download/iphone"" rel=""nofollow"">Twitter for iPhone</a>","Jack_ASUFan",0,FALSE,FALSE,NA,NA
"RT @IreneKananura: Look at what climate change is doing in Uganda, we are being consumed up because of our ignorance and corruption...I won…",FALSE,0,NA,2019-12-15 08:01:32,FALSE,NA,"1206122100525871104",NA,"<a href=""http://twitter.com/download/android"" rel=""nofollow"">Twitter for Android</a>","AMRuijgrok020",157,TRUE,FALSE,NA,NA
"RT @jeremycorbyn: I am proud that on austerity, corporate power, inequality and the climate emergency we have won the arguments and rewritt…",FALSE,0,NA,2019-12-15 08:01:31,FALSE,NA,"1206122097526919168",NA,"<a href=""http://twitter.com/download/iphone"" rel=""nofollow"">Twitter for iPhone</a>","SatoshiNSpeaks",3773,TRUE,FALSE,NA,NA
"RT @B52Malmet: “In her handling of being cyberbullied by the president of the United States, at age 16, Thunberg has become an inspiration…",FALSE,0,NA,2019-12-15 08:01:30,FALSE,NA,"1206122094687379457",NA,"<a href=""http://twitter.com/download/android"" rel=""nofollow"">Twitter for Android</a>","FinalTruth3",503,TRUE,FALSE,NA,NA
"RT @AINowInstitute: The 2019 AI Now Report is LIVE. It’s our biggest yet, reviewing the last year and how AI is concentrating power in the…",FALSE,0,NA,2019-12-15 08:01:30,FALSE,NA,"1206122094423089153",NA,"<a href=""http://twitter.com/download/android"" rel=""nofollow"">Twitter for Android</a>","Bill_Matthews",113,TRUE,FALSE,NA,NA
"RT @Peter90666913: <U+0001F602><U+0001F602><U+0001F602><U+0001F602>the marketing crew behind #gretazilla have admitted they mis stepped - along with lying about the climate they are a…",FALSE,0,NA,2019-12-15 08:01:30,FALSE,NA,"1206122092913020929",NA,"<a href=""https://mobile.twitter.com"" rel=""nofollow"">Twitter Web App</a>","PaulKnowsAll2",2,TRUE,FALSE,NA,NA
"RT @MarquessBraith1: BREAKING: Sky News Australia on #GE2019 

""Brits told the hard-left, antisemitic, climate-change hysterical Labour par…",FALSE,0,NA,2019-12-15 08:01:29,FALSE,NA,"1206122090262339589",NA,"<a href=""https://mobile.twitter.com"" rel=""nofollow"">Twitter Web App</a>","Linda1258",805,TRUE,FALSE,NA,NA
"This angers me more than almost anything I have ever seen. Blatant corporate greed.. Negates every effort I have ma… https://t.co/uH4Rm97HRn",FALSE,0,NA,2019-12-15 08:01:29,TRUE,NA,"1206122088865636352",NA,"<a href=""http://www.facebook.com/twitter"" rel=""nofollow"">Facebook</a>","SandraLLester",0,FALSE,FALSE,NA,NA
"RT @SuMoh7: <U+0001F501>#Virginia CD10 #Election2020-Nov-3.

Support JENNIFER WEXTON #VA10,&amp; @DemsWork4USA
<U+0001F449>https://t.co/eM2o6fOBjJ

RT!
#YesWeCan #Ke…",FALSE,0,NA,2019-12-15 08:01:28,FALSE,NA,"1206122087108239366",NA,"<a href=""http://twitter.com/download/iphone"" rel=""nofollow"">Twitter for iPhone</a>","kakabouie",15,TRUE,FALSE,NA,NA
"RT @chesleydohl: Climate Alarmist Greta Thunberg Says ""We Will Put World Leaders Against The Wall."" <U+0001F914> 

Wow. Sweet kid.<U+0001F633> It just me or is t…",FALSE,0,NA,2019-12-15 08:01:28,FALSE,NA,"1206122086705639424",NA,"<a href=""http://twitter.com/download/android"" rel=""nofollow"">Twitter for Android</a>","Kmiele1",535,TRUE,FALSE,NA,NA
"RT @Joshua4Congress: ""It is a crisis of human rights, of justice, &amp; of political will. Colonial, racist, and patriarchal systems of oppress…",FALSE,0,NA,2019-12-15 08:01:28,FALSE,NA,"1206122085753311233",NA,"<a href=""http://twitter.com/download/android"" rel=""nofollow"">Twitter for Android</a>","prickly_pearson",23,TRUE,FALSE,NA,NA
"RT @IreneKananura: Look at what climate change is doing in Uganda, we are being consumed up because of our ignorance and corruption...I won…",FALSE,0,NA,2019-12-15 08:01:28,FALSE,NA,"1206122084600029184",NA,"<a href=""http://twitter.com/download/android"" rel=""nofollow"">Twitter for Android</a>","Scapeler",157,TRUE,FALSE,NA,NA
"RT @VR_ARTech: rt @wef @mikequindazzi @antgrasso @fisher85m
Here's why no country is prepared for the wide range of global threats facing u…",FALSE,0,NA,2019-12-15 08:01:27,FALSE,NA,"1206122080422551552",NA,"<a href=""https://mobile.twitter.com"" rel=""nofollow"">Twitter Web App</a>","GRAUSAFL",1,TRUE,FALSE,NA,NA
"RT @ClimateBen: Newly identified jet-stream pattern set to imperil global food supplies:

<U+0001F53A>the threat to global food production will worsen…",FALSE,0,NA,2019-12-15 08:01:26,FALSE,NA,"1206122078841245696",NA,"<a href=""https://mobile.twitter.com"" rel=""nofollow"">Twitter Web App</a>","e_rawlins",15,TRUE,FALSE,NA,NA
"RT @fascinatorfun: GB came in at 62nd place, out of 64 countries for personal happiness. The UK also scored low for quality of life, thanks…",FALSE,0,NA,2019-12-15 08:01:25,FALSE,NA,"1206122071190900736",NA,"<a href=""http://twitter.com/download/iphone"" rel=""nofollow"">Twitter for iPhone</a>","HelenSa75038037",130,TRUE,FALSE,NA,NA
"RT @TomForUtah: If we elect Democrats who want to ""reach across the aisle"" on climate change, we're doomed. Republicans have spent decades…",FALSE,0,NA,2019-12-15 08:01:24,FALSE,NA,"1206122070783881217",NA,"<a href=""http://twitter.com/download/iphone"" rel=""nofollow"">Twitter for iPhone</a>","rgigger",10,TRUE,FALSE,NA,NA
"RT: Policy changes to reduce global warming could force a net $1.6 trillion repricing in sectors from energy to agr… https://t.co/6cb9hEz4sw",FALSE,0,NA,2019-12-15 08:01:24,TRUE,NA,"1206122067847974912",NA,"<a href=""https://ifttt.com"" rel=""nofollow"">IFTTT</a>","bhumharit",0,FALSE,FALSE,NA,NA
"RT @mitchellvii: Have you ever wondered what a ""climate scientist"" does all day?

They don't invent anything.
They don't predict the weathe…",FALSE,0,NA,2019-12-15 08:01:23,FALSE,NA,"1206122065448833024",NA,"<a href=""http://twitter.com/download/android"" rel=""nofollow"">Twitter for Android</a>","lvraybon",482,TRUE,FALSE,NA,NA
"RT @RobertCooper58: Melania Trump was furious when her 13-year-old son Barron was mentioned during an impeachment inquiry hearing, but she…",FALSE,0,NA,2019-12-15 08:01:23,FALSE,NA,"1206122064568078336",NA,"<a href=""http://twitter.com/download/iphone"" rel=""nofollow"">Twitter for iPhone</a>","AB3113",1279,TRUE,FALSE,NA,NA
"RT @PaulEDawson: 11,000 scientists

“We declare clearly and unequivocally that planet Earth is facing a climate emergency,”

Sadly, governm…",FALSE,0,NA,2019-12-15 08:01:23,FALSE,NA,"1206122062764490752",NA,"<a href=""http://twitter.com/download/iphone"" rel=""nofollow"">Twitter for iPhone</a>","OurReclaim",75,TRUE,FALSE,NA,NA
"Impasse persists at UN climate summit as talks drag on beyond deadline

https://t.co/x1EksAB2Oy",FALSE,0,NA,2019-12-15 08:01:22,FALSE,NA,"1206122062181519360",NA,"<a href=""https://ifttt.com"" rel=""nofollow"">IFTTT</a>","tagtodayO",0,FALSE,FALSE,NA,NA
"RT @PaulHBeckwith: Anger as rifts scupper hopes of breakthrough at UN climate talks https://t.co/6AmdLDp3oQ",FALSE,0,NA,2019-12-15 08:01:22,FALSE,NA,"1206122062101860352",NA,"<a href=""http://twitter.com/download/android"" rel=""nofollow"">Twitter for Android</a>","philrandal",1,TRUE,FALSE,NA,NA
"UN Speakers at Summit Push Population Reduction for ‘Climate Emergency’ – Oscar-winning director Michael Wadleigh:… https://t.co/JGHxCxvBtX",FALSE,0,NA,2019-12-15 08:01:22,TRUE,NA,"1206122061707563008",NA,"<a href=""http://twitter.com"" rel=""nofollow"">Twitter Web Client</a>","fl85",0,FALSE,FALSE,NA,NA
"RT @karentravers: This isn't the 1st time Pres Trump has targeted Thunberg.  He posted a sarcastic tweet during the UN General Assembly, af…",FALSE,0,NA,2019-12-15 08:01:22,FALSE,NA,"1206122059484418048",NA,"<a href=""http://twitter.com/#!/download/ipad"" rel=""nofollow"">Twitter for iPad</a>","scubett1",1728,TRUE,FALSE,NA,NA
"@GretaThunberg Greta, you are being used. It is truly wrong that climate change proponents are scaring young people… https://t.co/u5f4b6EJyr",FALSE,1,"GretaThunberg",2019-12-15 08:01:22,TRUE,"1205863994881400832","1206122058507145216","1006419421244678144","<a href=""http://twitter.com/download/iphone"" rel=""nofollow"">Twitter for iPhone</a>","heg3512",0,FALSE,FALSE,NA,NA
"RT @ewarren: We are already seeing the devastating effects of the climate crisis. We must act now so that devastating floods, extreme weath…",FALSE,0,NA,2019-12-15 08:01:21,FALSE,NA,"1206122057718784001",NA,"<a href=""http://twitter.com/#!/download/ipad"" rel=""nofollow"">Twitter for iPad</a>","KaiMoore",666,TRUE,FALSE,NA,NA
"RT @AOC: By pulling out of the Paris Agreement, Trump gave up his seat at the table for global climate negotiations a long time ago.

He’s…",FALSE,0,NA,2019-12-15 08:01:21,FALSE,NA,"1206122054497505280",NA,"<a href=""http://twitter.com/download/iphone"" rel=""nofollow"">Twitter for iPhone</a>","inktellectual",4921,TRUE,FALSE,NA,NA
"RT @fascinatorfun: GB came in at 62nd place, out of 64 countries for personal happiness. The UK also scored low for quality of life, thanks…",FALSE,0,NA,2019-12-15 08:01:20,FALSE,NA,"1206122052408823808",NA,"<a href=""http://twitter.com/download/iphone"" rel=""nofollow"">Twitter for iPhone</a>","Grizabella86",130,TRUE,FALSE,NA,NA
"RT @Dominica_una: Catch them young! @Sbi_iniatives embarks on a project to give climate Education to Primary and Secondary school students…",FALSE,0,NA,2019-12-15 08:01:20,FALSE,NA,"1206122051511160832",NA,"<a href=""http://twitter.com/download/android"" rel=""nofollow"">Twitter for Android</a>","RecyclePhc",13,TRUE,FALSE,NA,NA
"RT @chesleydohl: They made a ""sweet,"" disability laden, 16-yr-old, girl named Greta the voice of climate change. Go figure... 

Why? <U+0001F914> It's…",FALSE,0,NA,2019-12-15 08:01:20,FALSE,NA,"1206122051146276865",NA,"<a href=""http://twitter.com/download/iphone"" rel=""nofollow"">Twitter for iPhone</a>","LakeGr8",28,TRUE,FALSE,NA,NA
"RT @TheDemCoalition: The @FLOTUS birther Melania Trump was furious when her 13-year-old son Barron was mentioned during an impeachment inqu…",FALSE,0,NA,2019-12-15 08:01:19,FALSE,NA,"1206122048981856258",NA,"<a href=""http://twitter.com/download/android"" rel=""nofollow"">Twitter for Android</a>","AnthonyAbeyta7",2369,TRUE,FALSE,NA,NA
"RT @OvaisSarmad: Deutsche Bank, Citigroup, and Barclays, others adopt climate policies https://t.co/cHKIuM74qP",FALSE,0,NA,2019-12-15 08:01:19,FALSE,NA,"1206122047639871488",NA,"<a href=""http://twitter.com/download/android"" rel=""nofollow"">Twitter for Android</a>","Chinkai",10,TRUE,FALSE,NA,NA
"We need politicians to have the guts to admit it's going to hurt to fight climate change | Greg Jericho https://t.co/Pa0LS7ZnaI",FALSE,0,NA,2019-12-15 08:01:19,FALSE,NA,"1206122046633066497",NA,"<a href=""http://twitter.com"" rel=""nofollow"">Twitter Web Client</a>","holditrightnow",0,FALSE,FALSE,NA,NA
"RT @Darthspoog: The link between climate change and our bushfire holocaust | The New Daily https://t.co/QC8Ob3LcuW",FALSE,0,NA,2019-12-15 08:01:18,FALSE,NA,"1206122042732400640",NA,"<a href=""https://mobile.twitter.com"" rel=""nofollow"">Twitter Web App</a>","GayCarBoys",2,TRUE,FALSE,NA,NA
"RT @fascinatorfun: GB came in at 62nd place, out of 64 countries for personal happiness. The UK also scored low for quality of life, thanks…",FALSE,0,NA,2019-12-15 08:01:17,FALSE,NA,"1206122039947546624",NA,"<a href=""http://twitter.com/download/iphone"" rel=""nofollow"">Twitter for iPhone</a>","CharmaineDooley",130,TRUE,FALSE,NA,NA
"RT @MikeHudema: Germany, Denmark and The Netherlands are building an island to house 7,000 wind turbines. It could provide electricity for…",FALSE,0,NA,2019-12-15 08:01:17,FALSE,NA,"1206122039582396417",NA,"<a href=""https://mobile.twitter.com"" rel=""nofollow"">Twitter Web App</a>","cherylch958",136,TRUE,FALSE,NA,NA
"RT @AllieGirl49: Why would Trudeau tell CRA not to audit them?  And why is Trudeau giving them money?  More organization much more in need…",FALSE,0,NA,2019-12-15 08:01:16,FALSE,NA,"1206122035677556737",NA,"<a href=""https://mobile.twitter.com"" rel=""nofollow"">Twitter Web App</a>","FlaviusEye",13,TRUE,FALSE,NA,NA
"RT @joshuawongcf: [Climate change &amp; HK - China is reacting similarly to both]

1/ @GretaThunberg was named #TIMEPOY by the @TIME. She's a S…",FALSE,0,NA,2019-12-15 08:01:16,FALSE,NA,"1206122035354591232",NA,"<a href=""http://twitter.com/download/iphone"" rel=""nofollow"">Twitter for iPhone</a>","avildsen",79,TRUE,FALSE,NA,NA
"Negotiators work through the night to salvage UN climate summit https://t.co/9hPG8oyOcu",FALSE,0,NA,2019-12-15 08:01:16,FALSE,NA,"1206122033941295104",NA,"<a href=""https://ifttt.com"" rel=""nofollow"">IFTTT</a>","NewsSyndicate",0,FALSE,FALSE,NA,NA
"""Our Future Depends on the Arctic"" by Durwood J. Zaelke and Paul Bledsoe via NYT https://t.co/CdR8pGtbtt https://t.co/Jq83jaELsL",FALSE,0,NA,2019-12-15 08:01:15,FALSE,NA,"1206122032754233345",NA,"<a href=""https://ifttt.com"" rel=""nofollow"">IFTTT</a>","toffanin",0,FALSE,FALSE,NA,NA
"RT @nytclimate: From @NYTOpinion: “The point of no return is no longer over the horizon,"" the United Nations’ secretary general, António Gu…",FALSE,0,NA,2019-12-15 08:01:15,FALSE,NA,"1206122030279667712",NA,"<a href=""http://twitter.com/download/android"" rel=""nofollow"">Twitter for Android</a>","hegarty_ellen",230,TRUE,FALSE,NA,NA
"RT @Stredni_trida: Teenage climate fascist Greta Thunberg (#NWO) has apologized for saying politicians should be put “against the wall”.
Th…",FALSE,0,NA,2019-12-15 08:01:14,FALSE,NA,"1206122028668985344",NA,"<a href=""https://mobile.twitter.com"" rel=""nofollow"">Twitter Web App</a>","Stredni_trida",1,TRUE,FALSE,NA,NA
"RT @chesleydohl: Climate Alarmist Greta Thunberg Says ""We Will Put World Leaders Against The Wall."" <U+0001F914> 

Wow. Sweet kid.<U+0001F633> It just me or is t…",FALSE,0,NA,2019-12-15 08:01:14,FALSE,NA,"1206122026437500929",NA,"<a href=""http://twitter.com/download/iphone"" rel=""nofollow"">Twitter for iPhone</a>","IdaFlo",535,TRUE,FALSE,NA,NA
"@MrsEmmaJK There'll be a quiet Christmas around ours.... The weather will be the main point of discussion while avo… https://t.co/4wpVHg78pM",FALSE,0,"MrsEmmaJK",2019-12-15 08:01:11,TRUE,"1205924631586234370","1206122013640843264","2615343449","<a href=""http://twitter.com/download/android"" rel=""nofollow"">Twitter for Android</a>","Windwatcher3",0,FALSE,FALSE,NA,NA
"@TimmermansEU @EU_Commission @Europarl_EN 15 responses in 2 days. Climate hysteria is no longer accepted by eu citi… https://t.co/C6a4ymYIMU",FALSE,0,"TimmermansEU",2019-12-15 08:01:11,TRUE,"1205092862024654849","1206122012156010496","1391776140","<a href=""http://twitter.com/download/iphone"" rel=""nofollow"">Twitter for iPhone</a>","Raaskaldotcom",0,FALSE,FALSE,NA,NA
"RT @Joshua4Congress: ""It is a crisis of human rights, of justice, &amp; of political will. Colonial, racist, and patriarchal systems of oppress…",FALSE,0,NA,2019-12-15 08:01:09,FALSE,NA,"1206122005990273024",NA,"<a href=""https://mobile.twitter.com"" rel=""nofollow"">Twitter Web App</a>","nic_elijah",23,TRUE,FALSE,NA,NA
"RT @AamnaKhalid___: In the early time, it considered a dominant sector but due to the declining its performance due to the political, socia…",FALSE,0,NA,2019-12-15 08:01:09,FALSE,NA,"1206122003775787008",NA,"<a href=""http://twitter.com/download/android"" rel=""nofollow"">Twitter for Android</a>","SowaibaNazneen",7,TRUE,FALSE,NA,NA
"RT @denzo60432262: Now is she the Poster Child for Autism 
Is that the reason Google Painted her Mural on there Hometown building in San Fr…",FALSE,0,NA,2019-12-15 08:01:08,FALSE,NA,"1206122003150901248",NA,"<a href=""http://twitter.com/download/android"" rel=""nofollow"">Twitter for Android</a>","smedley_buster",1,TRUE,FALSE,NA,NA
"@cashandcarrots I found it interesting to note that their research shows climate change is reducing the number of m… https://t.co/xLDdkOaGaX",FALSE,0,"cashandcarrots",2019-12-15 08:01:08,TRUE,"1206120709195468801","1206122002609844224","1636034935","<a href=""https://mobile.twitter.com"" rel=""nofollow"">Twitter Web App</a>","emmathegardener",0,FALSE,FALSE,NA,NA
"RT @AOC: By pulling out of the Paris Agreement, Trump gave up his seat at the table for global climate negotiations a long time ago.

He’s…",FALSE,0,NA,2019-12-15 08:01:07,FALSE,NA,"1206121997740183553",NA,"<a href=""http://twitter.com/download/android"" rel=""nofollow"">Twitter for Android</a>","ppiixx",4921,TRUE,FALSE,NA,NA
"@GretaThunberg In a climate conference we would like to hear scientists debating since there is no unanimity concer… https://t.co/gyaEMakzE7",FALSE,0,"GretaThunberg",2019-12-15 08:01:07,TRUE,"1204728167782588416","1206121997689925632","1006419421244678144","<a href=""http://twitter.com/download/android"" rel=""nofollow"">Twitter for Android</a>","Cristobal1_one",0,FALSE,FALSE,NA,NA
"RT @Reuters: ICYMI: Alaskan glaciers are melting at record or near-record levels as 2019 is likely to be the state’s hottest year on record…",FALSE,0,NA,2019-12-15 08:01:07,FALSE,NA,"1206121996288954373",NA,"<a href=""http://twitter.com/download/android"" rel=""nofollow"">Twitter for Android</a>","ineselibere",19,TRUE,FALSE,NA,NA
"RT @GretaThunberg: Every election is a climate election. Vote for your children. Vote for the planet. Vote for future generations. Vote for…",FALSE,0,NA,2019-12-15 08:01:06,FALSE,NA,"1206121995269820418",NA,"<a href=""http://twitter.com/download/iphone"" rel=""nofollow"">Twitter for iPhone</a>","jubiKaL",55594,TRUE,FALSE,NA,NA
"RT @SuMoh7: <U+0001F501>#Minnesota CD3 #Election2020-Nov-3

Support DEAN PHILLIPS #MN03,&amp; @DemsWork4USA
<U+0001F449>https://t.co/efTTzqjbeb

RT
#MNpol #MNpolitic…",FALSE,0,NA,2019-12-15 08:01:06,FALSE,NA,"1206121992543444992",NA,"<a href=""http://twitter.com/download/iphone"" rel=""nofollow"">Twitter for iPhone</a>","kakabouie",13,TRUE,FALSE,NA,NA
"RT @antonioguterres: On the last day of #COP25 I appeal to countries to send a message of ambition to the world - to align their climate ob…",FALSE,0,NA,2019-12-15 08:01:06,FALSE,NA,"1206121992476250112",NA,"<a href=""https://mobile.twitter.com"" rel=""nofollow"">Twitter Web App</a>","_daveramirez",995,TRUE,FALSE,NA,NA
"RT @EcoInternetDrGB: #ClimateChange Impacting $20.3 Billion Dollar U.S. Winter Sports Tourism Industry, Demonstrating Urgent Need For Clima…",FALSE,0,NA,2019-12-15 08:01:05,FALSE,NA,"1206121990924275713",NA,"<a href=""http://twitter.com/download/iphone"" rel=""nofollow"">Twitter for iPhone</a>","Vikkik88",2,TRUE,FALSE,NA,NA
"Jane Fonda continued her weekly tradition of protesting on the steps of the U.S. Capitol on Friday. https://t.co/XaASQnIfA8",FALSE,0,NA,2019-12-15 08:01:05,FALSE,NA,"1206121990815387653",NA,"<a href=""https://trueanthem.com/"" rel=""nofollow"">True Anthem</a>","10Daily",0,FALSE,FALSE,NA,NA
"RT @JamesDelingpole: So true, Caroline. This kid @NaomiSeibtt  is angry at the lies being told like by Greenies like yourself https://t.co/…",FALSE,0,NA,2019-12-15 08:01:04,FALSE,NA,"1206121982938566656",NA,"<a href=""http://twitter.com/download/android"" rel=""nofollow"">Twitter for Android</a>","AlanRybacki",61,TRUE,FALSE,NA,NA
"RT @Peter90666913: <U+0001F602><U+0001F602><U+0001F602><U+0001F602>the marketing crew behind #gretazilla have admitted they mis stepped - along with lying about the climate they are a…",FALSE,0,NA,2019-12-15 08:01:03,FALSE,NA,"1206121982489554944",NA,"<a href=""https://mobile.twitter.com"" rel=""nofollow"">Twitter Web App</a>","JLawless20",2,TRUE,FALSE,NA,NA
"RT @HelenGeake: A scary foretaste of what's to come... 
US banned climate from UK trade talks https://t.co/mNxfFqWBlI",FALSE,0,NA,2019-12-15 08:01:03,FALSE,NA,"1206121981994770433",NA,"<a href=""http://twitter.com/download/android"" rel=""nofollow"">Twitter for Android</a>","JonesDavidN",254,TRUE,FALSE,NA,NA
"RT @TheBabylonBee: Poll Finds Most People Would Rather Be Annihilated By Giant Tidal Wave Than Continue To Be Lectured By Climate Change Ac…",FALSE,0,NA,2019-12-15 08:01:03,FALSE,NA,"1206121980098826240",NA,"<a href=""http://twitter.com/download/iphone"" rel=""nofollow"">Twitter for iPhone</a>","Jsnalkire",1601,TRUE,FALSE,NA,NA
"Climate change a family.",FALSE,0,NA,2019-12-15 08:01:02,FALSE,NA,"1206121977481584640",NA,"<a href=""https://github.com/sanjeven"" rel=""nofollow"">Kyliantheassistant</a>","thngsmycomsays",0,FALSE,FALSE,NA,NA
"RT @pennkemp: I mused on climate–how it could clench
the greatest city in its bitter fist
and squeeze...Two swans
alighted, swerving on the…",FALSE,0,NA,2019-12-15 08:01:02,FALSE,NA,"1206121977003552773",NA,"<a href=""https://mobile.twitter.com"" rel=""nofollow"">Twitter Web App</a>","WaterVole",1,TRUE,FALSE,NA,NA
"RT @fascinatorfun: GB came in at 62nd place, out of 64 countries for personal happiness. The UK also scored low for quality of life, thanks…",FALSE,0,NA,2019-12-15 08:01:02,FALSE,NA,"1206121974579257344",NA,"<a href=""http://twitter.com/download/iphone"" rel=""nofollow"">Twitter for iPhone</a>","PenelopePops1",130,TRUE,FALSE,NA,NA
"RT @Reuters: ICYMI: Alaskan glaciers are melting at record or near-record levels as 2019 is likely to be the state’s hottest year on record…",FALSE,0,NA,2019-12-15 08:01:01,FALSE,NA,"1206121973396447232",NA,"<a href=""http://twitter.com/download/iphone"" rel=""nofollow"">Twitter for iPhone</a>","HabBradley",19,TRUE,FALSE,NA,NA
"RT @business: Governments are now using the fine print of financial regulations to fight climate change https://t.co/Ii29ZwtfqJ",FALSE,0,NA,2019-12-15 08:01:01,FALSE,NA,"1206121973186777088",NA,"<a href=""http://twitter.com/download/android"" rel=""nofollow"">Twitter for Android</a>","anne2robertson",14,TRUE,FALSE,NA,NA
"RT @shornKOOMINS: So two of my mates were beaten up late last night by right wingers. Overheard talking about Labour in Burger King and bea…",FALSE,0,NA,2019-12-15 08:01:01,FALSE,NA,"1206121973123813376",NA,"<a href=""http://twitter.com/download/android"" rel=""nofollow"">Twitter for Android</a>","DeeWillo3",1520,TRUE,FALSE,NA,NA
"Great news! UN fails again! Disappointed climate activists declare UN climate summit ‘a betrayal of people across t… https://t.co/L9qCcLuRFR",FALSE,0,NA,2019-12-15 08:01:01,TRUE,NA,"1206121970879926272",NA,"<a href=""http://twitter.com"" rel=""nofollow"">Twitter Web Client</a>","fl85",0,FALSE,FALSE,NA,NA
"RT @Alt_FedEmployee: Republicans were all onboard with killing millions of women because one Ohio senator with zero medical background said…",FALSE,0,NA,2019-12-15 08:01:00,FALSE,NA,"1206121969365725185",NA,"<a href=""http://twitter.com/download/android"" rel=""nofollow"">Twitter for Android</a>","_fortincaroline",99,TRUE,FALSE,NA,NA
"RT @BruceWayne852: @DonaldJTrumpJr Thank you for speaking for #HongKong. <U+0001F64C><U+0001F3FB><U+0001F64C><U+0001F3FB><U+0001F64C><U+0001F3FB> I agree with climate change is the issue we all have to fac…",FALSE,0,NA,2019-12-15 08:01:00,FALSE,NA,"1206121967507501058",NA,"<a href=""http://twitter.com/download/iphone"" rel=""nofollow"">Twitter for iPhone</a>","leung612",568,TRUE,FALSE,NA,NA
"RT @Eric_Doherty: ""#Trudeau’s... cabinet ministers... are knowingly, deliberately and cynically choosing to spend our money to destroy the…",FALSE,0,NA,2019-12-15 08:00:59,FALSE,NA,"1206121965016305664",NA,"<a href=""http://twitter.com/download/iphone"" rel=""nofollow"">Twitter for iPhone</a>","MchCtp",10,TRUE,FALSE,NA,NA
"@chesleydohl If Greta and her family were come to climate change Greta would be in school and working towards a deg… https://t.co/MNyUpgdiT1",FALSE,0,"chesleydohl",2019-12-15 08:00:59,TRUE,"1205944824576086016","1206121963904651264","35829818","<a href=""http://twitter.com/#!/download/ipad"" rel=""nofollow"">Twitter for iPad</a>","KerryOLeary4",0,FALSE,FALSE,NA,NA
"RT @mitchellvii: Sorry Liberals, no free passes for your climate change cult.  You spew that bullsh*t and try to force socialism down our t…",FALSE,0,NA,2019-12-15 08:00:59,FALSE,NA,"1206121963783106560",NA,"<a href=""http://twitter.com/download/android"" rel=""nofollow"">Twitter for Android</a>","GradyHughes4",286,TRUE,FALSE,NA,NA
"RT @bennyjohnson: Two decades before Greta was even born, George Carlin nuked her hypocritical, arrogant, elitist climate alarmism.

It’s s…",FALSE,0,NA,2019-12-15 08:00:59,FALSE,NA,"1206121963661299712",NA,"<a href=""http://twitter.com/#!/download/ipad"" rel=""nofollow"">Twitter for iPad</a>","Docacct",4690,TRUE,FALSE,NA,NA
"RT @MikeHudema: Germany, Denmark and The Netherlands are building an island to house 7,000 wind turbines. It could provide electricity for…",FALSE,0,NA,2019-12-15 08:00:59,FALSE,NA,"1206121962986184704",NA,"<a href=""http://twitter.com/download/iphone"" rel=""nofollow"">Twitter for iPhone</a>","keraz37",136,TRUE,FALSE,NA,NA
"RT @Byzanzforscher: English translation of yesterday´s APA science press release on the paper of @EkateMits9 and myself on late medieval #c…",FALSE,0,NA,2019-12-15 08:00:58,FALSE,NA,"1206121961375567872",NA,"<a href=""http://twitter.com/#!/download/ipad"" rel=""nofollow"">Twitter for iPad</a>","nnscrusades",7,TRUE,FALSE,NA,NA
"RT @jeremycorbyn: I am proud that on austerity, corporate power, inequality and the climate emergency we have won the arguments and rewritt…",FALSE,0,NA,2019-12-15 08:00:58,FALSE,NA,"1206121960540983296",NA,"<a href=""http://twitter.com/#!/download/ipad"" rel=""nofollow"">Twitter for iPad</a>","pompeyrascal",3773,TRUE,FALSE,NA,NA
"RT @KetanJ0: This, by @CarbonBrief, posted by @simonahac and displayed at the Deutsches Bergbau-Museum Bochum, is a very, very good illustr…",FALSE,0,NA,2019-12-15 08:00:57,FALSE,NA,"1206121955973185537",NA,"<a href=""https://mobile.twitter.com"" rel=""nofollow"">Twitter Web App</a>","camerontw",6,TRUE,FALSE,NA,NA
"RT @PaulEDawson: ""The OIL INDUSTRY is NOT your FRIEND.""

""Whatever it might say about its ethical credentials, while it CONTINUES to invest…",FALSE,0,NA,2019-12-15 08:00:57,FALSE,NA,"1206121953439801344",NA,"<a href=""http://twitter.com/#!/download/ipad"" rel=""nofollow"">Twitter for iPad</a>","Adriana24964",57,TRUE,FALSE,NA,NA
"RT @AJEnglish: In Niger, the equivalent of more than 110,000 football fields of grassland disappear every year. 

Now, the Fulani nomads fe…",FALSE,0,NA,2019-12-15 08:00:56,FALSE,NA,"1206121953356079104",NA,"<a href=""http://twitter.com/download/android"" rel=""nofollow"">Twitter for Android</a>","Zia_Niazi55",138,TRUE,FALSE,NA,NA
"RT @ClimateRealists: Three Cheers: UN climate talks face collapse after world leaders cannot agree on compensation deal for poorer nations…",FALSE,0,NA,2019-12-15 08:00:56,FALSE,NA,"1206121949564293120",NA,"<a href=""https://mobile.twitter.com"" rel=""nofollow"">Twitter Web App</a>","ConservaFoon",169,TRUE,FALSE,NA,NA
"Australia's climate stance sparks anger on final day of UN summit https://t.co/03KrE8ENhn via @smh",FALSE,0,NA,2019-12-15 08:00:55,FALSE,NA,"1206121948566044672",NA,"<a href=""https://mobile.twitter.com"" rel=""nofollow"">Twitter Web App</a>","bensab3",0,FALSE,FALSE,NA,NA
"RT @BestForBritain: Climate Change targets are written down in every EU trade deal. But, it won’t even feature in UK-US trade negotiations.…",FALSE,0,NA,2019-12-15 08:00:54,FALSE,NA,"1206121944489312259",NA,"<a href=""http://twitter.com/download/android"" rel=""nofollow"">Twitter for Android</a>","JonesDavidN",115,TRUE,FALSE,NA,NA
"RT @MarquessBraith1: BREAKING: Sky News Australia on #GE2019 

""Brits told the hard-left, antisemitic, climate-change hysterical Labour par…",FALSE,0,NA,2019-12-15 08:00:54,FALSE,NA,"1206121944233455617",NA,"<a href=""http://twitter.com/download/android"" rel=""nofollow"">Twitter for Android</a>","Don95084665",805,TRUE,FALSE,NA,NA
"RT @Tiff_FitzHenry: Trauma is the go to tool of the controlling elite &amp; climate hysteria is the new 9/11. 

Pro-tip: Never believe powerful…",FALSE,0,NA,2019-12-15 08:00:53,FALSE,NA,"1206121937690415106",NA,"<a href=""http://twitter.com/download/android"" rel=""nofollow"">Twitter for Android</a>","SeesInPixels",1016,TRUE,FALSE,NA,NA
"RT @KatieDaviscourt: Child Climate Justice Warrior, @GretaThunberg, Won @TIME Person of the Year.

Her Grandparents: Actors
Her Father: Act…",FALSE,0,NA,2019-12-15 08:00:53,FALSE,NA,"1206121937564393473",NA,"<a href=""http://twitter.com/download/android"" rel=""nofollow"">Twitter for Android</a>","seeisb",40,TRUE,FALSE,NA,NA
"RT @shornKOOMINS: So two of my mates were beaten up late last night by right wingers. Overheard talking about Labour in Burger King and bea…",FALSE,0,NA,2019-12-15 08:00:52,FALSE,NA,"1206121935324798976",NA,"<a href=""http://twitter.com/download/android"" rel=""nofollow"">Twitter for Android</a>","vieira4",1520,TRUE,FALSE,NA,NA
"@theprojecttv Imagine sending the army reserve ( who get paid ) to war as the first front as opposed to the full ti… https://t.co/0rLhgSiOPk",FALSE,1,"theprojecttv",2019-12-15 08:00:51,TRUE,"1206117349432143874","1206121931470016515","44835347","<a href=""http://twitter.com/#!/download/ipad"" rel=""nofollow"">Twitter for iPad</a>","paintsandsings",0,FALSE,FALSE,NA,NA
"RT @MrKRudd: We’ve come a long way in the decade since Copenhagen Accord on climate action. Back then, we were leading the debate on need f…",FALSE,0,NA,2019-12-15 08:00:51,FALSE,NA,"1206121929947529216",NA,"<a href=""http://twitter.com/#!/download/ipad"" rel=""nofollow"">Twitter for iPad</a>","2235Retiree",128,TRUE,FALSE,NA,NA
"@ShaneShoemark @traceyggor @SBSNews @GretaThunberg The only thing the science got wrong is that the climate is dete… https://t.co/eRIGiBe3rz",FALSE,0,"ShaneShoemark",2019-12-15 08:00:51,TRUE,"1206120248652337152","1206121929465163777","3166369994","<a href=""https://mobile.twitter.com"" rel=""nofollow"">Twitter Web App</a>","garigalAnj",0,FALSE,FALSE,NA,NA
"ICYMI: As a #publichealth emergency escalates, doctors urged to push for climate action https://t.co/WkUTJKbrBo Thi… https://t.co/fLiAybuMco",FALSE,2,NA,2019-12-15 08:00:50,TRUE,NA,"1206121925900025861",NA,"<a href=""http://twitter.com"" rel=""nofollow"">Twitter Web Client</a>","MelissaSweetDr",1,FALSE,FALSE,NA,NA
"RT @keeskodde_GP: Police Drag Environmental Protesters From Hall of Amsterdam Airport https://t.co/dxcZwjagcO",FALSE,0,NA,2019-12-15 08:00:50,FALSE,NA,"1206121925157773312",NA,"<a href=""http://twitter.com/download/iphone"" rel=""nofollow"">Twitter for iPhone</a>","gabriellajambon",2,TRUE,FALSE,NA,NA
"RT @andersen: Rail companies pose as the cuddly green avatars of our transport future...

Too bad they've spent decades funding climate den…",FALSE,0,NA,2019-12-15 08:00:49,FALSE,NA,"1206121922364428288",NA,"<a href=""http://twitter.com/download/iphone"" rel=""nofollow"">Twitter for iPhone</a>","Alexis_Abrahams",18,TRUE,FALSE,NA,NA
"RT @InternetHippo: Climate change isn’t real
It’s real but it’s not our fault
It’s our fault but it’s not fixable
It’s fixable but it’s too…",FALSE,0,NA,2019-12-15 08:00:48,FALSE,NA,"1206121918472114178",NA,"<a href=""http://twitter.com/download/android"" rel=""nofollow"">Twitter for Android</a>","Lace_Flye",621,TRUE,FALSE,NA,NA
"RT @InnesKay: “CAMPAIGN FOR CLIMATE CHANGE”  Isn’t this rather an odd way to suggest what we should do and say. Doesn’t this imply we want…",FALSE,0,NA,2019-12-15 08:00:47,FALSE,NA,"1206121914751578113",NA,"<a href=""https://mobile.twitter.com"" rel=""nofollow"">Twitter Web App</a>","InfinityCreate",18,TRUE,FALSE,NA,NA
"RT @chesleydohl: They made a ""sweet,"" disability laden, 16-yr-old, girl named Greta the voice of climate change. Go figure... 

Why? <U+0001F914> It's…",FALSE,0,NA,2019-12-15 08:00:47,FALSE,NA,"1206121914500100096",NA,"<a href=""http://twitter.com/download/android"" rel=""nofollow"">Twitter for Android</a>","slhorn01",28,TRUE,FALSE,NA,NA
"RT @bennyjohnson: Two decades before Greta was even born, George Carlin nuked her hypocritical, arrogant, elitist climate alarmism.

It’s s…",FALSE,0,NA,2019-12-15 08:00:47,FALSE,NA,"1206121913652858880",NA,"<a href=""https://mobile.twitter.com"" rel=""nofollow"">Twitter Web App</a>","See_Libertarian",4690,TRUE,FALSE,NA,NA
"RT @SylviaD32911201: The same people deplatforming speakers, banning climate skeptics from MSM and academic journals, firing academics and…",FALSE,0,NA,2019-12-15 08:00:47,FALSE,NA,"1206121913140908032",NA,"<a href=""http://twitter.com/download/iphone"" rel=""nofollow"">Twitter for iPhone</a>","Jagster20548365",4,TRUE,FALSE,NA,NA
"RT @shornKOOMINS: So two of my mates were beaten up late last night by right wingers. Overheard talking about Labour in Burger King and bea…",FALSE,0,NA,2019-12-15 08:00:47,FALSE,NA,"1206121911656288256",NA,"<a href=""http://twitter.com/download/iphone"" rel=""nofollow"">Twitter for iPhone</a>","WolfeGeneral",1520,TRUE,FALSE,NA,NA
"@theprojecttv Perhaps if the anger was directed at the lack of clearing &amp; other preventive measures or even at the… https://t.co/5ZNzmONle2",FALSE,0,"theprojecttv",2019-12-15 08:00:46,TRUE,"1206117349432143874","1206121909177339905","44835347","<a href=""http://twitter.com/download/iphone"" rel=""nofollow"">Twitter for iPhone</a>","auselection2016",0,FALSE,FALSE,NA,NA
"@jairbolsonaro should listen to his advisors.

Climate change is real",FALSE,0,"jairbolsonaro",2019-12-15 08:00:45,FALSE,NA,"1206121906832912386","128372940","<a href=""http://twitter.com/download/android"" rel=""nofollow"">Twitter for Android</a>","MaraisClaude",0,FALSE,FALSE,NA,NA
"RT @YE0NJOONS: mickey still looks like the burden of solving climate change is on him https://t.co/GghmRvs9Fa",FALSE,0,NA,2019-12-15 08:00:45,FALSE,NA,"1206121904651685889",NA,"<a href=""http://twitter.com/download/android"" rel=""nofollow"">Twitter for Android</a>","rmonorain",7594,TRUE,FALSE,NA,NA
"RT @100PercFEDUP: @RealRomaDowney @GretaThunberg You really disappoint me. I thought you were a disciple of God and not of the Climate Chan…",FALSE,0,NA,2019-12-15 08:00:45,FALSE,NA,"1206121903879933954",NA,"<a href=""http://twitter.com/download/iphone"" rel=""nofollow"">Twitter for iPhone</a>","usc4cdg",4,TRUE,FALSE,NA,NA
"RT @McHargCenter: “The Atlas features tools to help us understand the spatial consequences of climate change—not so that we may be frighten…",FALSE,0,NA,2019-12-15 08:00:45,FALSE,NA,"1206121903154442240",NA,"<a href=""http://twitter.com/download/android"" rel=""nofollow"">Twitter for Android</a>","Marisazayas1",21,TRUE,FALSE,NA,NA
"Climate change food calculator: What's your diet's carbon footprint?
https://t.co/1qGdnad5Km",FALSE,0,NA,2019-12-15 08:00:42,FALSE,NA,"1206121893092364288",NA,"<a href=""http://twitter.com/download/android"" rel=""nofollow"">Twitter for Android</a>","ThePapillonPro",0,FALSE,FALSE,NA,NA
"RT @Rtndpds: @block762310019 @Trickyjabs So wise to not take drastic action against the climate emergency.",FALSE,0,NA,2019-12-15 08:00:42,FALSE,NA,"1206121892429672449",NA,"<a href=""http://twitter.com/download/android"" rel=""nofollow"">Twitter for Android</a>","Andrew_S_Hatton",1,TRUE,FALSE,NA,NA
"RT @WScetrine: Kevin Rudd
 ·

Morrison reminds me of the papal rejection of Galileo on the earth rotating around the sun. Morrison gets a s…",FALSE,0,NA,2019-12-15 08:00:41,FALSE,NA,"1206121888298061826",NA,"<a href=""http://twitter.com/download/android"" rel=""nofollow"">Twitter for Android</a>","paulranisav",27,TRUE,FALSE,NA,NA
"RT @linmagic: A deal? For what? Who gets the money for fictitious climate emergency? The real climate crisis is pollution and single use pl…",FALSE,0,NA,2019-12-15 08:00:41,FALSE,NA,"1206121887157440512",NA,"<a href=""http://twitter.com/download/iphone"" rel=""nofollow"">Twitter for iPhone</a>","popthetiger",6,TRUE,FALSE,NA,NA
"2008 Mother Earth Call To Consciousness On Climate Change 04 - Keynote, ... https://t.co/y39Q7OAiox via @YouTube",FALSE,0,NA,2019-12-15 08:00:40,FALSE,NA,"1206121885500661760",NA,"<a href=""http://twitter.com"" rel=""nofollow"">Twitter Web Client</a>","777_tewa",0,FALSE,FALSE,NA,NA
"RT @viajerabj: ""They are not there by choice. [...] Your inaction on climate change and the inaction of every leader before you for at leas…",FALSE,0,NA,2019-12-15 08:00:40,FALSE,NA,"1206121882270879745",NA,"<a href=""http://twitter.com/download/iphone"" rel=""nofollow"">Twitter for iPhone</a>","mornedownunder",1,TRUE,FALSE,NA,NA
"RT @pablorodas: CNN top news: ""45 million at risk in Southern Africa's hunger crisis https://t.co/2nSB0Is7aM https://t.co/2PZkIb2Vje",FALSE,0,NA,2019-12-15 08:00:39,FALSE,NA,"1206121879569743872",NA,"<a href=""https://mobile.twitter.com"" rel=""nofollow"">Twitter Web App</a>","dperry913",2,TRUE,FALSE,NA,NA
"RT @johnlittle: Australia's climate stance sparks anger on final day of UN summit.
Australia's reliance on coal-fired power makes it one of…",FALSE,0,NA,2019-12-15 08:00:38,FALSE,NA,"1206121875878764544",NA,"<a href=""http://twitter.com/download/android"" rel=""nofollow"">Twitter for Android</a>","slimpickings37",53,TRUE,FALSE,NA,NA
"Save time and reduce your fuel costs. Errand share with a friend!

#GreenMarble #savetheworld #savetheearth… https://t.co/VLA7xpHurb",FALSE,0,NA,2019-12-15 08:00:37,TRUE,NA,"1206121872175378433",NA,"<a href=""https://www.hootsuite.com"" rel=""nofollow"">Hootsuite Inc.</a>","TheGreenMarble1",0,FALSE,FALSE,NA,NA
"RT @jeremycorbyn: I am proud that on austerity, corporate power, inequality and the climate emergency we have won the arguments and rewritt…",FALSE,0,NA,2019-12-15 08:00:37,FALSE,NA,"1206121872057946112",NA,"<a href=""http://twitter.com/download/android"" rel=""nofollow"">Twitter for Android</a>","cheeryrosie",3773,TRUE,FALSE,NA,NA
"RT @joshuawongcf: [Climate change &amp; HK - China is reacting similarly to both]

1/ @GretaThunberg was named #TIMEPOY by the @TIME. She's a S…",FALSE,0,NA,2019-12-15 08:00:37,FALSE,NA,"1206121869964959752",NA,"<a href=""http://twitter.com/download/iphone"" rel=""nofollow"">Twitter for iPhone</a>","Mrruszka",79,TRUE,FALSE,NA,NA
"RT @MarquessBraith1: BREAKING: Sky News Australia on #GE2019 

""Brits told the hard-left, antisemitic, climate-change hysterical Labour par…",FALSE,0,NA,2019-12-15 08:00:36,FALSE,NA,"1206121869461643265",NA,"<a href=""http://twitter.com/download/android"" rel=""nofollow"">Twitter for Android</a>","Tel0072000",805,TRUE,FALSE,NA,NA
"Rupert Murdoch says 'no climate change deniers around' – but his writers prove him wrong | Environment | The Guardi… https://t.co/UWWXgQ5p6I",FALSE,0,NA,2019-12-15 08:00:35,TRUE,NA,"1206121864424284160",NA,"<a href=""http://twitter.com/download/iphone"" rel=""nofollow"">Twitter for iPhone</a>","tanglewood1234",0,FALSE,FALSE,NA,NA
"RT @Reuters: ICYMI: Alaskan glaciers are melting at record or near-record levels as 2019 is likely to be the state’s hottest year on record…",FALSE,0,NA,2019-12-15 08:00:34,FALSE,NA,"1206121859839877124",NA,"<a href=""http://twitter.com/download/iphone"" rel=""nofollow"">Twitter for iPhone</a>","MargaretDudley1",19,TRUE,FALSE,NA,NA
"RT @JimBair62221006: America After Climate Change, Mapped

ICYMI- great visualizations:

 ""Atlas for A Green New Deal” shows how no corner…",FALSE,0,NA,2019-12-15 08:00:34,FALSE,NA,"1206121858837491714",NA,"<a href=""http://twitter.com/download/android"" rel=""nofollow"">Twitter for Android</a>","Marisazayas1",4,TRUE,FALSE,NA,NA
"Study reveals whaling and climate change led to 100 years of feast or famine for Antarctic #penguins https://t.co/2hYtAPOrFe",FALSE,0,NA,2019-12-15 08:00:32,FALSE,NA,"1206121851354636288",NA,"<a href=""http://twitter.com"" rel=""nofollow"">Twitter Web Client</a>","PertinentPnguin",0,FALSE,FALSE,NA,NA
"@Allie @nsnwca @ABDanielleSmith @GretaThunberg @NaomiSeibtt Personally, i don't know Greta, so cannot speak directl… https://t.co/zwZjiDQDrb",FALSE,0,"Allie",2019-12-15 08:00:32,TRUE,"1206118570842701824","1206121850180210688","11472702","<a href=""http://twitter.com/#!/download/ipad"" rel=""nofollow"">Twitter for iPad</a>","cranchlevel",0,FALSE,FALSE,NA,NA
"RT @narakxm: Today, I asked @PeteButtigieg to change his climate plan because his call to end climate pollution by 2050 IS NOT GOOD ENOUGH.…",FALSE,0,NA,2019-12-15 08:00:31,FALSE,NA,"1206121846162067456",NA,"<a href=""http://twitter.com/download/android"" rel=""nofollow"">Twitter for Android</a>","berniebernie546",51,TRUE,FALSE,NA,NA
"RT @JaggerMickOZ: Australian BoM led the world in Climate Corruption 

Truncated pre 1910 Temperature Data

Canada is now following suite…",FALSE,0,NA,2019-12-15 08:00:30,FALSE,NA,"1206121843913981952",NA,"<a href=""http://twitter.com/download/iphone"" rel=""nofollow"">Twitter for iPhone</a>","Jagster20548365",33,TRUE,FALSE,NA,NA
"Impasse persists at UN climate summit as talks drag on beyond deadline

READ HERE: https://t.co/OdGU0bVs7t https://t.co/GolNhmmfQ2",FALSE,0,NA,2019-12-15 08:00:30,FALSE,NA,"1206121840885686272",NA,"<a href=""https://mobile.twitter.com"" rel=""nofollow"">Twitter Web App</a>","indusscrolls",0,FALSE,FALSE,NA,NA
"ROTFL.  You couldn't get more politically correct than this journalist - mixing white privilege, toxic masculinity… https://t.co/x2zGhllyY0",FALSE,0,NA,2019-12-15 08:00:29,TRUE,NA,"1206121839774314500",NA,"<a href=""https://ifttt.com"" rel=""nofollow"">IFTTT</a>","Flashgordonv",0,FALSE,FALSE,NA,NA
"And why are the larger countries dragging their feet?  Because the smaller nations all have their hands out for mul… https://t.co/DhzjvOlF08",FALSE,0,NA,2019-12-15 08:00:29,TRUE,NA,"1206121838159548416",NA,"<a href=""https://ifttt.com"" rel=""nofollow"">IFTTT</a>","Flashgordonv",0,FALSE,FALSE,NA,NA
"""We have been told that climate change is an ‘existential crisis.’ However, based upon our current assessment of th… https://t.co/MBtgSYvVIW",FALSE,0,NA,2019-12-15 08:00:29,TRUE,NA,"1206121836582506496",NA,"<a href=""https://ifttt.com"" rel=""nofollow"">IFTTT</a>","Flashgordonv",0,FALSE,FALSE,NA,NA
"RT @DohaDebates: ""Everyone keeps saying that climate change is an existential threat... And yet they just carry on like before.""

The #Glob…",FALSE,0,NA,2019-12-15 08:00:28,FALSE,NA,"1206121835038797824",NA,"<a href=""http://twitter.com/download/android"" rel=""nofollow"">Twitter for Android</a>","LemuelleSolomon",3413,TRUE,FALSE,NA,NA
"@PecanPraline2 @danwootton How ironic, Meghsn has never spoke about the climate since joining the royal family",FALSE,0,"PecanPraline2",2019-12-15 08:00:28,FALSE,"1206077469129883648","1206121833063419904","1104803431192166400","<a href=""http://twitter.com/#!/download/ipad"" rel=""nofollow"">Twitter for iPad</a>","LeanneMclough",0,FALSE,FALSE,NA,NA
"RT @wirereporter: ""Never have I seen the almost total disconnection we've seen here (...) between what the science requires and the people…",FALSE,0,NA,2019-12-15 08:00:27,FALSE,NA,"1206121831285055490",NA,"<a href=""http://www.handmark.com"" rel=""nofollow"">TweetCaster for iOS</a>","OccupyEnlighten",1378,TRUE,FALSE,NA,NA
"O'Leary using the F-word won't stop growing EU climate disquiet https://t.co/IORzTr7tqU",FALSE,0,NA,2019-12-15 08:00:27,FALSE,NA,"1206121829863247873",NA,"<a href=""http://www.einnews.com"" rel=""nofollow"">EIN News Publisher</a>","EINEUPolitics",0,FALSE,FALSE,NA,NA
"RT @jeremycorbyn: I am proud that on austerity, corporate power, inequality and the climate emergency we have won the arguments and rewritt…",FALSE,0,NA,2019-12-15 08:00:27,FALSE,NA,"1206121829557030912",NA,"<a href=""http://twitter.com/download/android"" rel=""nofollow"">Twitter for Android</a>","NasarSaddique",3773,TRUE,FALSE,NA,NA
"<U+0001F602><U+0001F602><U+0001F602><U+0001F602>the marketing crew behind #gretazilla have admitted they mis stepped - along with lying about the climate they… https://t.co/j0ASBYYvsr",FALSE,2,NA,2019-12-15 08:00:27,TRUE,NA,"1206121829317758977",NA,"<a href=""http://twitter.com/download/iphone"" rel=""nofollow"">Twitter for iPhone</a>","Peter90666913",2,FALSE,FALSE,NA,NA
"RT @Sudan_Voices: Salaam, my name is Sarah &amp; I’ll be curating tweets all week about climate change &amp; environmental issues in Sudan! I gradu…",FALSE,0,NA,2019-12-15 08:00:26,FALSE,NA,"1206121827187204097",NA,"<a href=""http://twitter.com/download/iphone"" rel=""nofollow"">Twitter for iPhone</a>","nwaobiala419",82,TRUE,FALSE,NA,NA
"RT @htTweets: #HTWeekend | A new genre of fiction has exploded, hoping to help make sense of climate change, and perhaps even offer hope

(…",FALSE,0,NA,2019-12-15 08:00:26,FALSE,NA,"1206121826595684352",NA,"<a href=""http://twitter.com/download/android"" rel=""nofollow"">Twitter for Android</a>","GreaterBombay",3,TRUE,FALSE,NA,NA
"RT @bennyjohnson: Two decades before Greta was even born, George Carlin nuked her hypocritical, arrogant, elitist climate alarmism.

It’s s…",FALSE,0,NA,2019-12-15 08:00:26,FALSE,NA,"1206121825966710787",NA,"<a href=""http://twitter.com/download/android"" rel=""nofollow"">Twitter for Android</a>","DottieFincham",4690,TRUE,FALSE,NA,NA
"RT @GatesMiddleEast: The impacts of climate change on crop &amp; livestock production across sub-Saharan Africa and South Asia has led to incre…",FALSE,0,NA,2019-12-15 08:00:25,FALSE,NA,"1206121821789134850",NA,"<a href=""http://twitter.com/download/iphone"" rel=""nofollow"">Twitter for iPhone</a>","DohaForum",1,TRUE,FALSE,NA,NA
"RT @WitterWit: @Baddiel My opinion, for what it’s worth, is that Corbyn was the right choice for leader in that I believe he is principled…",FALSE,0,NA,2019-12-15 08:00:25,FALSE,NA,"1206121820648280065",NA,"<a href=""http://twitter.com/download/iphone"" rel=""nofollow"">Twitter for iPhone</a>","MissDannimac",2,TRUE,FALSE,NA,NA
"What is climate overshoot and why does it matter? https://t.co/PFqghCmEoU https://t.co/6h7uoYBDUl",FALSE,0,NA,2019-12-15 08:00:24,FALSE,NA,"1206121817997533185",NA,"<a href=""https://ifttt.com"" rel=""nofollow"">IFTTT</a>","StevoCandelaria",0,FALSE,FALSE,NA,NA
"RT @chilledasad100: #COP25Madrid is a master class in how racism, neo-colonialism &amp; neo-liberalism shapes rich country priorities. As the t…",FALSE,0,NA,2019-12-15 08:00:23,FALSE,NA,"1206121814239301633",NA,"<a href=""http://twitter.com/download/android"" rel=""nofollow"">Twitter for Android</a>","tonggosmovic",122,TRUE,FALSE,NA,NA
"RT @EdwardJDavey: Whilst Labour squabbles, the Lib Dems will hold Johnson to account 

We will continue to ensure the voice of remainers is…",FALSE,0,NA,2019-12-15 08:00:23,FALSE,NA,"1206121812440092672",NA,"<a href=""http://twitter.com/#!/download/ipad"" rel=""nofollow"">Twitter for iPad</a>","CliveSC",184,TRUE,FALSE,NA,NA
"RT @mitchellvii: Have you ever wondered what a ""climate scientist"" does all day?

They don't invent anything.
They don't predict the weathe…",FALSE,0,NA,2019-12-15 08:00:23,FALSE,NA,"1206121811542446080",NA,"<a href=""https://mobile.twitter.com"" rel=""nofollow"">Twitter Web App</a>","IrishEileen",482,TRUE,FALSE,NA,NA
"RT @Reuters: ICYMI: Alaskan glaciers are melting at record or near-record levels as 2019 is likely to be the state’s hottest year on record…",FALSE,0,NA,2019-12-15 08:00:21,FALSE,NA,"1206121804991025153",NA,"<a href=""https://mobile.twitter.com"" rel=""nofollow"">Twitter Web App</a>","25ahmed",19,TRUE,FALSE,NA,NA
"RT @GillesnFio: @manifesto2000 @PGeierwally @bacardinen @FredFoxyGuy @EDavidAn @sideen_dan @JamesHT @JamesAbbott2013 @PaprikaLady @JaggerMi…",FALSE,0,NA,2019-12-15 08:00:21,FALSE,NA,"1206121804911316994",NA,"<a href=""https://mobile.twitter.com"" rel=""nofollow"">Twitter Web App</a>","GillesnFio",27,TRUE,FALSE,NA,NA
"RT @narakxm: Today, I asked @PeteButtigieg to change his climate plan because his call to end climate pollution by 2050 IS NOT GOOD ENOUGH.…",FALSE,0,NA,2019-12-15 08:00:20,FALSE,NA,"1206121799957630976",NA,"<a href=""https://mobile.twitter.com"" rel=""nofollow"">Twitter Web App</a>","nic_elijah",51,TRUE,FALSE,NA,NA
"RT @Alex_Verbeek: <U+0001F30D>

Memo to all negotiators for #COP25 (that is: the ones that are allowed in the back room)

This is Uganda now.

We all…",FALSE,0,NA,2019-12-15 08:00:19,FALSE,NA,"1206121797441249280",NA,"<a href=""http://twitter.com/download/iphone"" rel=""nofollow"">Twitter for iPhone</a>","MtlSeb",191,TRUE,FALSE,NA,NA
"RT @PrisonPlanet: Greta Thunberg threatened to put world leaders “against the wall” if they refuse to comply with climate change demands.…",FALSE,0,NA,2019-12-15 08:00:19,FALSE,NA,"1206121796698853376",NA,"<a href=""https://mobile.twitter.com"" rel=""nofollow"">Twitter Web App</a>","am_cyberspace",3402,TRUE,FALSE,NA,NA
"Communities in #mountain regions, who often live near #wildlife and are dependent on crops and #livestock, are face… https://t.co/6XVCLH5xJt",FALSE,2,NA,2019-12-15 08:00:17,TRUE,NA,"1206121789082001408",NA,"<a href=""https://www.hootsuite.com"" rel=""nofollow"">Hootsuite Inc.</a>","GlobalLF",1,FALSE,FALSE,NA,NA
"RT @TheDemCoalition: The @FLOTUS birther Melania Trump was furious when her 13-year-old son Barron was mentioned during an impeachment inqu…",FALSE,0,NA,2019-12-15 08:00:17,FALSE,NA,"1206121788553318402",NA,"<a href=""http://twitter.com/download/iphone"" rel=""nofollow"">Twitter for iPhone</a>","booandcoo0220",2369,TRUE,FALSE,NA,NA
"RT @ClimateReality: This headline pretty much sums it up, doesn’t it? 
https://t.co/FxuMUXlx4j",FALSE,0,NA,2019-12-15 08:00:16,FALSE,NA,"1206121784157843458",NA,"<a href=""http://twitter.com/download/android"" rel=""nofollow"">Twitter for Android</a>","Ruwen_Change",32,TRUE,FALSE,NA,NA
"RT @AssaadRazzouk: To those responsible for #COP25 debacle:

- Climate chaos is everywhere
- We are wiping out insects
- We are wiping out…",FALSE,0,NA,2019-12-15 08:00:16,FALSE,NA,"1206121781980884992",NA,"<a href=""http://twitter.com/download/iphone"" rel=""nofollow"">Twitter for iPhone</a>","HelloooBetty",57,TRUE,FALSE,NA,NA
"RT @AlexCurran95: Study shows lake methane emissions should prompt rethink on climate change

https://t.co/Y8SEwTSH4U",FALSE,0,NA,2019-12-15 08:00:15,FALSE,NA,"1206121780588494848",NA,"<a href=""https://mobile.twitter.com"" rel=""nofollow"">Twitter Web App</a>","sregoczei",3,TRUE,FALSE,NA,NA
"RT @mitchellvii: Have you ever wondered what a ""climate scientist"" does all day?

They don't invent anything.
They don't predict the weathe…",FALSE,0,NA,2019-12-15 08:00:14,FALSE,NA,"1206121776649912320",NA,"<a href=""http://twitter.com/download/android"" rel=""nofollow"">Twitter for Android</a>","nita_jpforlife",482,TRUE,FALSE,NA,NA
"U.S. churches are using nativity scenes to make political statements, from putting the Holy Family in cages, in a n… https://t.co/cQdlGizVZL",FALSE,0,NA,2019-12-15 08:00:14,TRUE,NA,"1206121776587169792",NA,"<a href=""https://buffer.com"" rel=""nofollow"">Buffer</a>","cambskeptics",0,FALSE,FALSE,NA,NA
"RT @crazyjane125: University of California, Irvine-led team releases high-precision map of Antarctic ice sheet bed topography. New findings…",FALSE,0,NA,2019-12-15 08:00:14,FALSE,NA,"1206121773546250240",NA,"<a href=""http://twitter.com/download/iphone"" rel=""nofollow"">Twitter for iPhone</a>","crazyjane125",2,TRUE,FALSE,NA,NA
"'If the climate stays like this, we won't make it' say those on the frontline of Africa's drought

https://t.co/lysRuSiiv6",FALSE,0,NA,2019-12-15 08:00:14,FALSE,NA,"1206121773193842688",NA,"<a href=""http://twitter.com/download/android"" rel=""nofollow"">Twitter for Android</a>","LongnanonRyan",0,FALSE,FALSE,NA,NA
